id,domain,status,purchase_price,renewal_price,attractiveness,demand,length,registrar,created_at,expires_at,status_verified_at
35721536-0ce5-46fe-94c7-5c67ec94b5ae,stairway.srl,available,27.29,28.03,high,low,8,porkbun,,,29/09/2026 08:07
f7102c32-5c9b-4b31-8c5f-6f0d08ea0701,drainage.srl,available,28.04,28.04,high,low,8,dynadot,,,29/09/2026 18:40
f2568976-a0dd-4bd4-ad79-958da320938c,enrollment.srl,available,31.99,31.99,high,low,10,namesilo,,,28/09/2026 02:45
b8b52ae2-2723-44f4-a13f-cd333bbaf0e5,nhs.srl,available,28.04,28.04,high,low,3,dynadot,,,28/09/2026 07:40
2b79b74a-d3e5-48b0-b1d4-d939818974e4,chance.srl,available,31.99,31.99,high,low,6,namesilo,,,23/09/2026 13:44
a6dd7c61-17fb-4630-876c-fad3356cad3d,crecy.srl,available,31.99,31.99,medium,low,5,namesilo,,,22/09/2026 15:02
3503a66c-d49c-47ce-9909-7c5cbe31c07f,amiens.srl,available,31.99,31.99,medium,low,6,namesilo,,,29/09/2026 04:12
7ba20167-7049-4239-9220-04a8776eb8f9,jig.srl,available,28.04,28.04,high,low,3,dynadot,,,01/10/2026 19:47
8686186b-76a3-4e3d-bd9f-ba87ecc27d7a,kahn.srl,available,31.99,31.99,high,low,4,namesilo,,,25/09/2026 23:22
d8a3c4dc-3626-478f-8e82-6167d0a32e67,clue.srl,available,31.99,31.99,high,low,4,namesilo,,,29/09/2026 10:03
55efb986-04a1-4a77-8b95-fbbd44a768e6,hedge.srl,available,31.99,31.99,high,low,5,namesilo,,,29/09/2026 22:33
181abda2-e45a-422d-b990-0322b8139c71,nick.srl,available,31.99,31.99,high,medium,4,namesilo,,,28/09/2026 02:02
ce88354a-cb53-4173-8ca3-f87c5cb2dd39,rockefeller.srl,available,31.99,31.99,high,low,11,namesilo,,,25/09/2026 12:15
ee8194f4-8f19-4741-83d8-674a4ee10e60,paulson.srl,available,31.99,31.99,medium,low,7,namesilo,,,30/09/2026 13:15
1b3b534b-d764-44dc-a2c0-590bbfe000e3,catch.srl,available,31.99,31.99,high,low,5,namesilo,,,28/09/2026 22:15
45e2791a-03c6-435d-91f6-f7a6594571bb,showroom.srl,available,31.99,31.99,high,low,8,namesilo,,,30/09/2026 02:32
523365c3-0f56-4ab9-90c1-77798a176a89,drugstore.srl,available,31.99,31.99,high,low,9,namesilo,,,19/09/2026 19:43
894290b0-e8b8-4290-8faa-5e0961bcd9f1,baldness.srl,available,31.99,31.99,medium,low,8,namesilo,,,21/09/2026 21:44
93300f21-9559-47af-912d-6ce91e61ec18,chillicothe.srl,available,31.99,31.99,medium,low,11,namesilo,,,01/10/2026 12:11
7267a1c9-0018-4ff0-a096-3a0a8cb5e9a1,fiber.srl,available,27.29,28.03,high,low,5,porkbun,,,29/09/2026 19:15
3f2b7d2b-26e0-48f9-9453-7b7ade90ca6c,riled.srl,available,,,medium,low,5,,,,
23f9c3f5-8a54-4e69-bacc-e431b844493b,granite.srl,available,28.04,28.04,high,low,7,dynadot,,,28/09/2026 19:22
6fd1e7a4-be84-49a6-a8ab-850cc04bd768,colourise.srl,available,31.99,31.99,medium,low,9,namesilo,,,12/08/2026 17:38
3ed20db5-8fc6-48d9-b232-13b534b96a4f,submit.srl,available,31.99,31.99,high,low,6,namesilo,,,27/09/2026 16:26
e159a802-ecf0-4718-884b-a2529c6aeedf,hou.srl,available,31.99,31.99,high,low,3,namesilo,,,29/09/2026 10:03
c4986b67-a0cd-4b28-b79d-ace33a26eef6,boxers.srl,available,28.04,28.04,high,low,6,dynadot,,,29/09/2026 03:50
7baf8f7b-c606-49b4-83e4-119d5f5885f5,moths.srl,available,31.99,31.99,medium,low,5,namesilo,,,30/09/2026 06:56
e31caa82-289f-4ddb-960d-91ce87f61765,fragmented.srl,available,31.99,31.99,medium,low,10,namesilo,,,14/08/2026 13:27
0f1e26a8-54d8-4029-9436-c2a2f976556c,adorably.srl,available,31.99,31.99,medium,low,8,namesilo,,,13/09/2026 17:21
aca5e14c-9a7b-4fa4-a363-1746fe205b47,gazing.srl,available,31.99,31.99,high,low,6,namesilo,,,01/10/2026 22:38
69f61459-d9f4-4055-9435-3e2101cc47c6,southey.srl,available,27.29,28.03,medium,low,7,porkbun,,,01/10/2026 21:34
f55c74fc-ee1a-44a6-993c-3df9d0fc983e,actions.srl,available,31.99,31.99,high,low,7,namesilo,,,
41a74ce5-210a-4b60-991f-7da69028f1ff,titles.srl,available,31.99,31.99,medium,low,6,namesilo,,,18/09/2026 13:24
ee6855bb-851b-4041-9d34-4faa95b0cda0,unlearned.srl,available,31.99,31.99,medium,low,9,namesilo,,,21/08/2026 18:31
e5066ddc-8f20-4777-a186-6bfe6ae653f5,cda.srl,available,31.99,31.99,high,medium,3,namesilo,,,30/09/2026 20:47
fb279b29-11c2-4db4-bef9-ab0f3157c042,alvarado.srl,available,31.99,31.99,medium,low,8,namesilo,,,28/09/2026 16:06
63dfb9cc-b23e-42ec-98fc-606d08bdb6ee,despised.srl,available,31.99,31.99,medium,low,8,namesilo,,,14/08/2026 04:10
1467488d-cb43-42c1-bbba-9c1a1d11644e,capt.srl,available,31.99,31.99,high,low,4,namesilo,,,25/09/2026 12:23
1d1e0403-8827-4aa7-95b3-823b6e34edd0,salim.srl,available,31.99,31.99,high,low,5,namesilo,,,19/09/2026 04:37
84420bc8-feba-4564-920d-6b1fb704c508,war.srl,available,31.99,31.99,high,low,3,namesilo,,,26/09/2026 00:24
94e04169-5051-4dee-bed0-d88f6784e1eb,originate.srl,available,27.29,28.03,high,low,9,porkbun,,,30/09/2026 02:32
251d2546-5030-4cf2-820e-c30ec9ff9c34,knackered.srl,available,31.99,31.99,medium,low,9,namesilo,,,22/08/2026 16:23
b0af972f-b8d8-4752-85af-49ffacae2c8c,beckwith.srl,available,31.99,31.99,medium,low,8,namesilo,,,30/09/2026 04:37
9d6d70cb-7e8d-4cd0-9ea0-5cb4583f8f05,paramount.srl,available,31.99,31.99,high,low,9,namesilo,,,04/09/2026 21:41
678e8ad9-7ea2-4ad4-8f14-6bdf095b0c6d,entrenched.srl,available,31.99,31.99,high,low,10,namesilo,,,24/09/2026 14:13
a6c061b4-14ea-4b5a-9409-f7364c0afeea,milton.srl,available,31.99,31.99,high,low,6,namesilo,,,28/09/2026 10:12
d2096c63-b4b5-4149-82d2-05d59b226843,closely.srl,available,31.99,31.99,medium,low,7,namesilo,,,28/09/2026 14:00
c4c86bc8-946c-4067-be90-943a9e5d225d,biceps.srl,available,31.99,31.99,high,low,6,namesilo,,,23/09/2026 13:05
c6679150-fd66-4363-9d39-f5b1ffde2fb8,nazis.srl,available,31.99,31.99,low,low,5,namesilo,,,28/09/2026 09:00
182600f4-2f3b-43b3-b531-f4bdcca5695b,choosy.srl,available,31.99,31.99,medium,low,6,namesilo,,,12/08/2026 06:53
7edbf9b3-015e-490b-9a68-6e5411ea1cec,handy.srl,available,31.99,31.99,high,low,5,namesilo,,,20/08/2026 23:39
1bca684d-bf2e-4fce-872b-bfa25973754e,tastefully.srl,available,31.99,31.99,medium,low,10,namesilo,,,16/09/2026 07:59
b87db5c2-17bf-4051-b69c-fe95b4dcf607,badness.srl,available,31.99,31.99,medium,low,7,namesilo,,,08/08/2026 07:23
4c0b97e5-52e9-4fcd-a867-a1d7e60fd9c6,variably.srl,available,31.99,31.99,medium,low,8,namesilo,,,16/09/2026 10:46
039907f7-887c-4bfc-b14f-4eee1c3fc8a2,tennis.srl,premium,54.28,30.68,high,low,6,namesilo,,,30/09/2026 02:23
78f447dd-a4cd-4fce-8a94-0c25841bc6fa,does.srl,available,31.99,31.99,medium,low,4,namesilo,,,
9010be8a-641f-4429-918f-5a3cdb62fd12,commandment.srl,available,27.29,28.03,high,low,11,porkbun,,,30/09/2026 19:53
1216de53-40b5-4e78-a9b5-2fe4d30cf98b,deprive.srl,available,31.99,31.99,medium,low,7,namesilo,,,30/09/2026 18:51
92f7ba48-3b7b-4109-b797-b5fbac625934,shouter.srl,available,31.99,31.99,medium,low,7,namesilo,,,22/09/2026 17:05
56c9867f-cc8f-4d84-89be-e6beaaaa134e,annan.srl,available,31.99,31.99,medium,low,5,namesilo,,,30/09/2026 05:28
5ed7fb67-0fd9-4080-886a-1a1cb56e7a9b,distinction.srl,available,31.99,31.99,high,low,11,namesilo,,,
6fcb6864-d88e-45b3-937e-8e1573023a14,uninviting.srl,available,31.99,31.99,medium,low,10,namesilo,,,12/09/2026 13:39
ef97ec1b-f22d-4ef6-9192-057f5a56400b,assignable.srl,available,31.99,31.99,medium,low,10,namesilo,,,07/08/2026 06:19
fea1b01d-bbb2-48d0-a1fb-d337fba28c38,relinquish.srl,available,28.04,28.04,high,low,10,dynadot,,,01/10/2026 21:29
5c533027-a1c0-4dc2-9529-c403308c93d2,twisted.srl,available,31.99,31.99,high,low,7,namesilo,,,25/08/2026 01:43
5cf92c35-26e9-4eae-8f52-1ba045ca5d93,gymnastics.srl,premium,54.28,30.68,high,low,10,namesilo,,,29/09/2026 01:12
092af93d-11ca-4ecc-92bd-262d34f5e84c,floodlit.srl,available,31.99,31.99,medium,low,8,namesilo,,,18/08/2026 08:47
124bcb2e-7a82-4cab-9f82-c571f872c425,inhabited.srl,available,31.99,31.99,high,low,9,namesilo,,,22/08/2026 04:59
b2f99f0f-e3ab-4f92-8554-62fcf9572f41,enkindled.srl,available,31.99,31.99,medium,low,9,namesilo,,,17/08/2026 09:31
0a34a43a-b735-43d1-825f-3c27ca0154c3,stride.srl,available,31.99,31.99,high,low,6,namesilo,,,29/09/2026 08:09
679c36bb-2e44-4330-a4ea-4298506937c2,clare.srl,available,31.99,31.99,high,low,5,namesilo,,,29/09/2026 03:17
e4ccd127-d32e-4dc3-b734-bf4182121287,unhatched.srl,available,31.99,31.99,medium,low,9,namesilo,,,12/09/2026 12:05
31879670-db3f-4180-a5cb-7f4a1b7092da,senescent.srl,available,31.99,31.99,medium,low,9,namesilo,,,
5b11f33a-38d4-4af0-9f1f-caa2b043ae70,marburg.srl,available,31.99,31.99,medium,low,7,namesilo,,,29/09/2026 10:08
4ea9fbad-a3de-4a94-85b6-e086928b0a87,ribbon.srl,available,31.99,31.99,high,low,6,namesilo,,,30/09/2026 02:15
68967797-c4fd-4d57-aba9-ac507f1331f0,elmira.srl,available,31.99,31.99,medium,low,6,namesilo,,,28/09/2026 16:42
d2810d47-133a-4c5d-8e3d-0c05def3011f,downtime.srl,available,31.99,31.99,high,low,8,namesilo,,,24/09/2026 23:41
10d1fc4d-4302-47a2-84d9-25a4d7c462fd,beetroot.srl,available,31.99,31.99,high,low,8,namesilo,,,23/09/2026 01:58
d651c982-127d-4ebb-8469-5a5e9a8f132d,humility.srl,available,31.99,31.99,high,low,8,namesilo,,,29/09/2026 07:17
4c9951c3-f460-4ab1-8a6e-8a8e37da640a,meteor.srl,available,31.99,31.99,high,low,6,namesilo,,,29/09/2026 01:39
3d637413-6b10-4e74-9f3a-4cb402cba566,squeeze.srl,available,31.99,31.99,high,low,7,namesilo,,,20/08/2026 22:27
88289793-f98c-45db-9690-86439c2e3762,animist.srl,available,31.99,31.99,medium,low,7,namesilo,,,
8f5d4692-8041-4700-8071-901e15d1aaf4,hometown.srl,available,31.99,31.99,medium,low,8,namesilo,,,30/09/2026 22:54
48c5c032-5bea-40e5-867c-7c2e24a96dc0,fairy.srl,available,31.99,31.99,high,low,5,namesilo,,,27/09/2026 09:04
fe4ebba5-74d2-4277-ae0e-d55ea963f96c,improvement.srl,available,31.99,31.99,high,low,11,namesilo,,,28/09/2026 16:57
1fbd8c6d-b607-4af0-bcbb-c5c270085123,vilna.srl,available,27.29,28.03,medium,low,5,porkbun,,,01/10/2026 18:52
473e209e-52ae-4b28-9357-ef7721cf59be,jihadi.srl,available,31.99,31.99,medium,low,6,namesilo,,,22/08/2026 13:21
f6d8b5fc-47f7-4d0a-8f11-761bd79be86e,cacophony.srl,available,31.99,31.99,medium,low,9,namesilo,,,10/08/2026 13:13
873abf4d-5c6b-40c3-86f6-7527718f46d2,tyler.srl,available,31.99,31.99,high,medium,5,namesilo,,,25/09/2026 08:02
3dfae413-43a7-4adf-9b16-a0596b363abb,female.srl,available,31.99,31.99,high,low,6,namesilo,,,24/09/2026 11:24
803e41b6-878b-4e9d-acfc-9122ffeaaa35,undying.srl,available,49.99,49.99,medium,low,7,name.com,,,13/08/2026 20:04
3431ac8c-6297-4ef2-a2d1-298f9f102703,fevered.srl,available,31.99,31.99,medium,low,7,namesilo,,,18/08/2026 03:07
ecbf8393-d1cc-4fb6-8f06-56f255ea52f6,lens.srl,premium,54.28,30.68,high,high,4,namesilo,,,29/09/2026 12:27
0a0e4dc9-03db-464e-8acd-712b55b0ee67,geometry.srl,available,27.29,28.03,high,low,8,porkbun,,,29/09/2026 20:49
2b0fd96b-eb45-4e5e-9581-b61a5d00e053,colman.srl,available,31.99,31.99,medium,low,6,namesilo,,,29/09/2026 04:11
55a0fc88-7008-4569-bfe3-5d61e496755a,alexis.srl,available,31.99,31.99,high,low,6,namesilo,,,19/09/2026 02:23
9228db99-0de5-4df8-aec5-24dce508b919,shakira.srl,available,31.99,31.99,high,low,7,namesilo,,,
03cac1a8-4b9a-4b3d-b00c-60f9eaf9dc2c,arcane.srl,available,31.99,31.99,high,low,6,namesilo,,,06/08/2026 14:24
ca8674bf-f24e-422d-ba0a-e16f2fbf6f0e,appliances.srl,available,27.29,28.03,medium,low,10,porkbun,,,30/09/2026 14:41
4fdb0f67-3369-4aad-b005-a92300f8b214,windup.srl,available,31.99,31.99,high,low,6,namesilo,,,13/09/2026 12:18
a59d85e4-0d75-40fc-bee1-ccc7520e0ba4,pronoun.srl,available,28.04,28.04,high,low,7,dynadot,,,01/10/2026 21:23
3d139bbb-2db3-44ae-93af-ae135ec1fb65,antitype.srl,available,31.99,31.99,medium,low,8,namesilo,,,19/09/2026 15:14
4c150ae6-2c76-4331-bcae-af05f319ddfe,crest.srl,available,28.04,28.04,high,low,5,dynadot,,,28/09/2026 18:32
3776b314-fa77-4c69-abd1-57b90ef38611,transmissions.srl,available,28.04,28.04,medium,low,13,dynadot,,,29/09/2026 17:50
e55329fa-16b4-4eef-a0c9-859b2251e459,waving.srl,available,28.04,28.04,high,low,6,dynadot,,,28/09/2026 15:32
69b81cb1-2c27-476b-8f39-d7569f836906,anon.srl,available,,,high,low,4,,,,13/09/2026 20:01
688b383c-7304-46ff-b693-a4839c99d938,anthemis.srl,available,31.99,31.99,medium,low,8,namesilo,,,19/09/2026 12:57
391af587-8dc4-4d9b-a1d0-0f1e3175a3dc,bartender.srl,premium,54.28,30.68,high,low,9,namesilo,,,22/09/2026 06:18
d40abddb-d343-47ea-b3e6-8fd3ffa0a2a6,prefers.srl,available,31.99,31.99,medium,low,7,namesilo,,,20/09/2026 07:15
49affe69-7613-4634-97f2-cf1525d47afc,warrior.srl,available,31.99,31.99,high,low,7,namesilo,,,27/09/2026 05:52
971764e9-8cc1-4ef1-971b-b0529fcd65c6,spices.srl,available,31.99,31.99,medium,low,6,namesilo,,,28/09/2026 23:41
5a668167-1283-4136-a81e-db67120de399,retained.srl,available,31.99,31.99,high,low,8,namesilo,,,27/09/2026 13:05
1c6df4be-126a-4f98-9dc7-3f749cdaba3c,tranquility.srl,available,31.99,31.99,high,low,11,namesilo,,,02/10/2026 01:11
70fe4b36-2226-4229-9c23-a5ffc378af75,miniscule.srl,available,31.99,31.99,medium,low,9,namesilo,,,24/08/2026 23:55
f18174c5-d539-43d0-a376-11347baa2bee,lawrenceville.srl,available,31.99,31.99,medium,low,13,namesilo,,,02/10/2026 00:56
45459546-eb41-455c-b642-64c4daa5eced,nationalist.srl,available,28.04,28.04,medium,low,11,dynadot,,,30/09/2026 19:40
5b9181fe-e1ab-458e-8fed-51ccc7fde439,attract.srl,available,31.99,31.99,high,low,7,namesilo,,,30/09/2026 15:30
f6fc4cba-7ed0-4bcc-aabc-25877e6739b2,extras.srl,available,31.99,31.99,medium,low,6,namesilo,,,
8c0caaf1-34dd-4b11-bac9-70f16de6f698,boasting.srl,available,31.99,31.99,medium,low,8,namesilo,,,02/10/2026 04:07
f50e1bd3-58a4-42cc-be9a-cf64c5d43dbd,pressed.srl,available,31.99,31.99,high,low,7,namesilo,,,27/09/2026 05:21
1dd1fd87-f58e-4575-b44c-39b8dc1a8654,murcia.srl,available,28.04,28.04,medium,low,6,dynadot,,,30/09/2026 21:06
c987fa66-a6e1-4586-b533-163bf9281139,oslo.srl,available,31.99,31.99,high,low,4,namesilo,,,29/09/2026 06:45
eae1ecd6-f2a4-41ef-b08e-9be2733d6b90,pantry.srl,available,31.99,31.99,high,low,6,namesilo,,,11/08/2026 11:54
3f8b497b-0097-468f-8180-720d645788d7,understanding.srl,available,31.99,31.99,high,low,13,namesilo,,,25/09/2026 11:47
84515fa7-bc2e-4b68-84e8-569fa1174b73,gannon.srl,available,31.99,31.99,medium,low,6,namesilo,,,30/09/2026 13:54
3b3ca303-4cda-4c9e-9ff2-5b308cc9194c,cautious.srl,available,31.99,31.99,high,low,8,namesilo,,,11/08/2026 22:44
a621db66-51ff-4819-9875-d615aa734dcc,phoenician.srl,available,,,high,low,10,,,,08/09/2026 19:00
89b73b07-5f21-4966-a8b0-536d11a61747,victoria.srl,premium,54.28,30.68,high,low,8,namesilo,,,29/09/2026 06:53
05eef4da-9df0-4c5d-b138-154733af0e18,village.srl,available,31.99,31.99,high,low,7,namesilo,,,25/09/2026 06:43
b0324f86-0e8a-421e-9428-b3c1f48c7d0c,allergen.srl,available,31.99,31.99,high,low,8,namesilo,,,18/09/2026 10:53
dcd0a7ca-076a-4942-9f95-1b8ad2e5773e,aglaonema.srl,available,,,medium,low,9,,,,17/09/2026 18:18
792aa18a-71cd-4e1f-8a9d-4e666392fe29,homing.srl,available,31.99,31.99,medium,low,6,namesilo,,,21/08/2026 12:35
1b0df99f-8e73-4401-bbf1-5df2c2fac26a,gorgeous.srl,available,31.99,31.99,high,low,8,namesilo,,,24/09/2026 22:48
ff86cbbe-f3cb-41d5-8064-caf69c0f28fb,hid.srl,available,31.99,31.99,medium,low,3,namesilo,,,26/09/2026 03:17
3e6081ac-4d1d-4973-bf88-f81f0ee4f4cb,unintended.srl,available,31.99,31.99,medium,low,10,namesilo,,,12/09/2026 13:30
6ff324c1-3068-4f06-92c5-bf5be6d19341,alkene.srl,available,31.99,31.99,medium,low,6,namesilo,,,18/09/2026 08:28
cc7123bf-f27e-40e8-8fd3-ace77580b132,ingersoll.srl,available,31.99,31.99,medium,low,9,namesilo,,,29/09/2026 04:29
27e75941-9f1e-4c43-a22c-041da835fc33,intermission.srl,available,31.99,31.99,high,low,12,namesilo,,,01/10/2026 22:19
5481c014-f8ca-40b7-b925-da0db787ad93,bonzer.srl,available,49.99,49.99,medium,low,6,name.com,,,10/08/2026 19:02
717f14e7-a075-45fb-a9f2-f15f88becf07,transonic.srl,available,31.99,31.99,medium,low,9,namesilo,,,10/09/2026 14:11
7472c5d6-4bcb-4f0e-8176-f2853dbbdef8,artwork.srl,premium,50.74,28.91,high,low,7,porkbun,,,28/09/2026 22:22
eb4954fc-cf2e-4899-8d9a-662eb4b28f59,fabulous.srl,available,49.99,49.99,high,low,8,name.com,,,17/08/2026 20:07
020d5926-75ce-47c8-a419-f80c19fcb09e,bmr.srl,available,31.99,31.99,high,low,3,namesilo,,,22/09/2026 09:49
55ff9aa3-4421-41e4-a8bd-ee7a9107c8fb,several.srl,available,27.29,28.03,high,low,7,porkbun,,,02/10/2026 03:07
78ff1775-110f-42ac-b3dd-eed4def8a203,preserving.srl,available,31.99,31.99,high,low,10,namesilo,,,30/09/2026 12:12
a406417a-3dfe-42d7-b557-f8e8c1a01247,nanotubes.srl,available,31.99,31.99,medium,low,9,namesilo,,,02/10/2026 03:01
7bc9b41c-54be-4ed8-a899-872a9f7b6280,inspectors.srl,available,28.04,28.04,medium,low,10,dynadot,,,01/10/2026 17:30
d455300c-3b1e-4a17-9cd3-4879a200b413,idiot.srl,available,31.99,31.99,high,low,5,namesilo,,,01/10/2026 03:03
6cdbe5fe-4a03-4400-a528-cdc1dfce4dca,berberis.srl,available,31.99,31.99,high,low,8,namesilo,,,23/09/2026 09:08
2fbf5e3f-15ce-4978-a11b-a047ea7bfd85,championships.srl,available,31.99,31.99,medium,low,13,namesilo,,,30/09/2026 06:40
cbad4ef1-91f5-4b6d-9f0f-a944dd3e9622,assur.srl,available,31.99,31.99,medium,low,5,namesilo,,,20/09/2026 16:41
6c34018a-3dc4-43c6-aca7-a25b26ef5277,savoury.srl,available,31.99,31.99,high,low,7,namesilo,,,25/08/2026 08:52
6e68d2fe-ee1c-46e9-a381-dcc094a15510,parity.srl,available,31.99,31.99,high,low,6,namesilo,,,24/09/2026 13:55
75d3f362-495f-4bf5-928a-14648527534f,escaping.srl,available,28.04,28.04,high,low,8,dynadot,,,28/09/2026 21:14
cbcf051b-79da-4462-8e7b-10ce26cefc8d,confederation.srl,available,31.99,31.99,medium,low,13,namesilo,,,01/10/2026 22:47
a03bd5bf-fdfe-4aa4-bc88-b47c78672ec8,thoughtless.srl,available,31.99,31.99,medium,low,11,namesilo,,,01/10/2026 08:10
40c16cbe-4e66-4174-a346-e9b6521d7398,blessings.srl,available,27.29,28.03,medium,low,9,porkbun,,,28/09/2026 17:50
45deaefe-1d93-4086-910d-fa0f88b8228b,quartette.srl,available,31.99,31.99,high,low,9,namesilo,,,09/09/2026 07:26
110c0403-bca5-4444-8837-dca106ef012b,region.srl,available,31.99,31.99,high,low,6,namesilo,,,30/09/2026 09:23
1d7abd29-e90d-4b62-867c-acc5790630ce,journalists.srl,premium,50.6,28.04,medium,low,11,dynadot,,,29/09/2026 10:52
f16ed129-ae3b-4872-abf7-d3ef8e9ccbd7,decipher.srl,available,31.99,31.99,high,low,8,namesilo,,,01/10/2026 22:11
759aecc2-f31c-4ec0-9ca4-59135cdc1ad6,smaller.srl,available,31.99,31.99,high,low,7,namesilo,,,25/09/2026 14:03
0d5cb907-a9f2-41b7-bb55-c0557effd272,think.srl,premium,54.28,30.68,high,medium,5,namesilo,,,19/09/2026 06:38
858f58b4-c833-4258-862e-b695a16fdac3,bluestem.srl,available,31.99,31.99,medium,low,8,namesilo,,,19/09/2026 04:58
653a9da9-0e6f-4df3-afc7-f0deff69cef8,selfesteem.srl,available,28.04,28.04,high,low,11,dynadot,,,30/09/2026 06:09
cc4bfba2-8551-4ab0-a74d-55691c4068db,house.srl,premium,57.5,32.5,high,medium,5,name.com,,,24/09/2026 18:37
4979ad29-628e-491b-bae8-19066e09cfff,unwrinkled.srl,available,31.99,31.99,medium,low,10,namesilo,,,12/09/2026 22:55
b933bf07-ebd7-4c11-a33c-30515b4ce7d6,counter.srl,premium,50.74,28.91,high,low,7,porkbun,,,01/10/2026 17:51
8bfa78f1-2e48-42ab-8906-c6f9fbc1cb3c,innocent.srl,available,31.99,31.99,high,low,8,namesilo,,,12/08/2026 10:16
5c171035-c934-4ca4-97f0-1cf55d9d15bd,artist.srl,premium,50.74,28.91,high,low,6,porkbun,,,01/10/2026 20:15
1fa6f8e5-1d2c-472b-a1d6-5f2899494802,feynman.srl,available,31.99,31.99,high,low,7,namesilo,,,02/10/2026 04:50
268d77d5-559d-498e-95bf-445300c4f9ac,camwood.srl,available,31.99,31.99,medium,low,7,namesilo,,,17/09/2026 15:22
63a330da-5d0f-419b-8d1b-2d8f7dee96fe,wastefully.srl,available,31.99,31.99,medium,low,10,namesilo,,,15/09/2026 21:36
1d8068fc-2535-4e33-987e-cf759078af28,retainer.srl,available,31.99,31.99,high,low,8,namesilo,,,30/09/2026 02:42
7d9dc426-e6b1-4b6f-8e1d-3cbc8037a3c5,nullified.srl,available,31.99,31.99,medium,low,9,namesilo,,,22/08/2026 08:56
aff75c9a-ee12-44c8-88a5-4697f1aaa7ec,reputable.srl,available,31.99,31.99,high,low,9,namesilo,,,09/09/2026 14:45
498756e8-81a6-4fdc-9dac-b7631036fa03,jumentous.srl,available,31.99,31.99,low,low,9,namesilo,,,22/08/2026 14:21
ca2ff50c-39f7-4bf3-8635-d1657263e6c9,investments.srl,premium,54.28,30.68,high,low,11,namesilo,,,01/10/2026 14:48
78d108d9-51af-4647-9301-f39eae6332d4,cleaners.srl,available,31.99,31.99,high,low,8,namesilo,,,24/09/2026 15:26
d33929cf-7a42-4e80-aedf-b1ebc1ed5667,banister.srl,available,31.99,31.99,medium,low,8,namesilo,,,22/09/2026 00:28
bb25dceb-9220-45f8-be7a-4d1528b6f157,regensburg.srl,available,27.29,28.03,high,low,10,porkbun,,,30/09/2026 05:03
21d9eb19-caad-4b46-87e6-10c9f2f0f474,archer.srl,available,31.99,31.99,high,low,6,namesilo,,,20/09/2026 01:54
43f2e4f4-33c7-4001-a48c-f82687a97ec6,anthropology.srl,available,31.99,31.99,high,low,12,namesilo,,,29/09/2026 16:22
61029f62-71fd-47b8-b5a7-59779af28bd8,anoxia.srl,available,31.99,31.99,medium,low,6,namesilo,,,19/09/2026 11:58
3589df9a-0c16-4460-8f0b-fd534da1cae6,monte.srl,available,31.99,31.99,high,low,5,namesilo,,,28/09/2026 05:47
cedc0960-9013-432d-a01d-bc484bcaf08f,distaff.srl,available,31.99,31.99,medium,low,7,namesilo,,,14/08/2026 13:01
0cd2414c-3883-4487-90c1-7e9a2837b57f,mystify.srl,available,31.99,31.99,high,low,7,namesilo,,,21/09/2026 17:29
e3635b8c-f05c-4aa5-bcca-8b4a2a353c96,douglass.srl,available,31.99,31.99,high,low,8,namesilo,,,25/09/2026 22:23
e2c42c4a-eacb-4826-baef-5177b662e591,mercury.srl,available,,,high,medium,7,,,,09/09/2026 08:45
e5598550-d5a5-461a-a93a-276d4063c2e1,kill.srl,available,31.99,31.99,high,low,4,namesilo,,,24/09/2026 11:57
25d5d8a4-c8f1-4b5f-b15f-224aa7061e7a,jonson.srl,available,31.99,31.99,medium,low,6,namesilo,,,23/09/2026 07:26
5b2cde14-b31b-46a3-9227-ae279919fd03,batavia.srl,available,27.29,28.03,high,low,7,porkbun,,,27/09/2026 18:11
451a3b42-ff31-4d70-ab40-affbb6f13ec9,satisfied.srl,available,31.99,31.99,high,low,9,namesilo,,,27/09/2026 09:14
06bdb37f-5443-470d-b400-65d45cb613fe,snapping.srl,available,31.99,31.99,high,low,8,namesilo,,,01/10/2026 23:49
2a8012de-0342-45d4-a3d0-bf9296d1f57d,platoon.srl,available,31.99,31.99,high,low,7,namesilo,,,27/09/2026 15:14
0de7ea8b-e2f4-4be7-9ca8-0d9cf25a55cc,aceh.srl,available,31.99,31.99,medium,low,4,namesilo,,,01/10/2026 08:41
679ac742-07fd-4215-b03c-dd255456c99e,adept.srl,available,31.99,31.99,high,low,5,namesilo,,,21/09/2026 17:17
be420c29-f7ed-4f6e-a080-e8633eac18a6,acrodont.srl,available,31.99,31.99,medium,low,8,namesilo,,,17/09/2026 03:41
0b272846-578a-4d9a-a66a-489508182c87,stylish.srl,available,31.99,31.99,high,low,7,namesilo,,,24/09/2026 17:15
377bb9ea-16d9-485f-8667-4a664c20ac4d,luxe.srl,available,49.99,49.99,high,low,4,name.com,,,13/08/2026 19:13
82b57ec6-8c65-4fda-8dcf-161df0ceead4,recalls.srl,available,31.99,31.99,medium,low,7,namesilo,,,02/10/2026 03:40
f0007077-1a31-49db-89f6-9ea279181a58,sequel.srl,available,28.04,28.04,high,low,6,dynadot,,,30/09/2026 10:57
7ba54a17-a4a1-46e2-b46a-d38ea4ca2ce1,flooded.srl,available,31.99,31.99,high,low,7,namesilo,,,08/08/2026 00:23
a04a8ef4-1ab5-4d1a-94b3-a544749576b4,unweaned.srl,available,31.99,31.99,low,low,8,namesilo,,,12/09/2026 22:29
a1e9efff-a099-4440-b5cd-f679d24d9fb1,commemorative.srl,available,27.29,28.03,medium,low,13,porkbun,,,01/10/2026 06:13
36eb9e4c-7b65-4ae3-a013-577452bd369c,oxfam.srl,available,31.99,31.99,high,low,5,namesilo,,,
dcf9e586-d12c-427a-ac1a-01540f01dfa4,removing.srl,available,31.99,31.99,high,low,8,namesilo,,,28/09/2026 07:21
318a77a3-d711-4765-bbdb-ce5ee0a838b4,anion.srl,available,31.99,31.99,medium,low,5,namesilo,,,19/09/2026 09:23
b33f88a2-96c7-403f-af5c-8cb42df073b3,ohmygosh.srl,available,31.99,31.99,high,low,8,namesilo,,,02/10/2026 04:21
9bd2fe70-163b-4781-acf6-0253b24ef58a,broiled.srl,available,31.99,31.99,medium,low,7,namesilo,,,11/08/2026 05:19
64fce505-c6d3-4c42-b3e4-296eb886b9c0,nephews.srl,available,31.99,31.99,medium,low,7,namesilo,,,02/10/2026 03:22
c69d85d4-84a7-4b85-8a44-c4dc2250c7c8,seismic.srl,available,31.99,31.99,high,low,7,namesilo,,,10/09/2026 01:52
f4c3eb3f-a49d-4010-ac8d-1f4b824d9c34,sixthly.srl,available,31.99,31.99,medium,low,7,namesilo,,,16/09/2026 02:03
85b3e0ed-ab6d-4066-9811-c67017af6870,bespoken.srl,available,31.99,31.99,medium,low,8,namesilo,,,09/08/2026 17:31
d5d138b5-bf18-4623-9f04-6f658e5b8f67,asclepius.srl,available,31.99,31.99,medium,low,9,namesilo,,,17/09/2026 13:21
2672e4f2-a2f2-43e4-bbb8-c08a22507e39,uncolored.srl,available,31.99,31.99,medium,low,9,namesilo,,,12/09/2026 02:06
49f2dbe8-d80e-4496-960e-dec9bf4a7414,shakable.srl,available,31.99,31.99,medium,low,8,namesilo,,,10/09/2026 05:32
a543e646-a00e-4890-9bd2-71b650521ba4,limit.srl,available,31.99,31.99,high,low,5,namesilo,,,29/09/2026 13:54
63c0ab84-bccf-45a4-9cad-4c29876818d6,years.srl,available,31.99,31.99,high,low,5,namesilo,,,29/09/2026 13:21
a35872f6-7814-4c9d-9b9c-91640f2d23be,cough.srl,available,49.99,49.99,high,low,5,name.com,,,24/09/2026 18:37
3d1752c8-79a5-45c6-9813-47ddc27645cf,scouts.srl,available,31.99,31.99,high,low,6,namesilo,,,28/09/2026 04:05
f09a8bcf-ec55-4e08-b84d-ec54d6894162,puffed.srl,available,31.99,31.99,high,low,6,namesilo,,,09/09/2026 05:37
715065c7-0a13-495b-829a-d853dd957bc1,teensy.srl,available,31.99,31.99,high,low,6,namesilo,,,10/08/2026 08:01
a4ae856d-2848-4226-b312-9fde25e4f538,fences.srl,available,31.99,31.99,medium,low,6,namesilo,,,29/09/2026 11:21
cc44fdd2-59a1-4e7a-8a0a-f90760158cc9,dennison.srl,available,31.99,31.99,medium,low,8,namesilo,,,30/09/2026 05:23
d85cd44b-c677-43a0-9f5e-bd22de83f0ed,baneberry.srl,available,31.99,31.99,medium,low,9,namesilo,,,22/09/2026 01:43
4d0470f7-7fee-4d83-a648-74acfc42027b,graphic.srl,available,31.99,31.99,high,low,7,namesilo,,,01/10/2026 15:47
f8503e50-0a51-4337-8e48-d2dd51b8a335,boolean.srl,available,49.99,49.99,high,low,7,name.com,,,10/08/2026 19:12
64b3b251-ece9-4977-92e5-89ce4851b0b0,forwarding.srl,available,31.99,31.99,high,low,10,namesilo,,,30/09/2026 09:44
beaafa62-278f-48d1-aa49-360b1cc5b736,conclusion.srl,available,31.99,31.99,high,low,10,namesilo,,,30/09/2026 14:56
fe2e5b3f-2f40-461d-b507-44b33f036ec9,tectonics.srl,available,31.99,31.99,medium,low,9,namesilo,,,20/09/2026 02:14
7db337ec-2425-40cf-bcee-33fac30f3e6a,godwin.srl,available,31.99,31.99,high,low,6,namesilo,,,28/09/2026 11:40
1838af9b-151f-451a-9efa-b7fb3dfc655f,transitional.srl,available,31.99,31.99,high,low,12,namesilo,,,30/09/2026 23:21
7072cd39-925c-41d1-8725-406c8427c1a2,honegger.srl,available,31.99,31.99,high,low,8,namesilo,,,20/09/2026 10:55
d07e4f39-c088-4d30-b6ef-e2c661c5be89,moustache.srl,available,27.29,28.03,high,low,9,porkbun,,,30/09/2026 18:05
ff17162b-ec75-4bc0-bc7d-43f14da32f0f,bring.srl,available,31.99,31.99,high,low,5,namesilo,,,25/09/2026 05:59
56c071ce-8e3c-4f1e-9a8d-9a33ab0156cd,wolfbane.srl,available,31.99,31.99,medium,low,8,namesilo,,,17/09/2026 02:09
e113a0b2-8d14-48a2-99bb-d136c4baf9f5,lyndon.srl,available,31.99,31.99,medium,low,6,namesilo,,,25/09/2026 16:09
bf506449-bea5-4aef-84e2-f249f4174862,crystal.srl,available,27.29,28.03,high,low,7,porkbun,,,29/09/2026 12:25
1b1a0033-fb64-44e6-a70f-c1bc9b432451,avid.srl,available,31.99,31.99,high,low,4,namesilo,,,07/08/2026 23:21
2d806a62-75b2-4bac-9f32-b2792e1f8320,praying.srl,available,31.99,31.99,high,low,7,namesilo,,,27/09/2026 06:47
7cdcee5d-ad3a-44c6-b4dc-b399736a3acd,prominent.srl,available,31.99,31.99,high,low,9,namesilo,,,27/09/2026 07:23
3566c7f7-d44e-466e-965c-66d08427ac98,puglia.srl,premium,54.28,30.68,high,low,6,namesilo,,,19/09/2026 22:41
98d7d36e-10a0-4c47-b1e3-f94bc7ee3d92,bronchial.srl,available,31.99,31.99,medium,low,9,namesilo,,,11/08/2026 05:35
cb7788e5-5552-4671-866d-274c9a267f56,barbel.srl,available,31.99,31.99,medium,low,6,namesilo,,,22/09/2026 04:47
66fa377a-378a-4713-9e6f-b51df181db3e,melanesian.srl,available,49.99,49.99,medium,low,10,name.com,,,24/08/2026 19:29
297ff81b-582b-4664-bbd3-3a7ccba7e265,landlocked.srl,available,49.99,49.99,medium,low,10,name.com,,,22/08/2026 19:26
dad5420a-b4a9-4592-a59d-44b0b39f46c7,cretan.srl,available,31.99,31.99,high,low,6,namesilo,,,30/09/2026 01:09
f35cb63a-d258-499f-8f4e-fb1f3385ab03,unflagging.srl,available,31.99,31.99,high,low,10,namesilo,,,22/08/2026 02:31
f4317b7d-382c-4e62-b237-b9485171bb7d,adorable.srl,available,49.99,49.99,high,low,8,name.com,,,21/09/2026 19:18
3e827840-6b54-46d1-a0eb-44e69df61e74,berkshire.srl,available,31.99,31.99,high,low,9,namesilo,,,23/09/2026 09:33
7860d77d-9efd-4cba-9ee9-4ac6bee45ce8,runners.srl,available,31.99,31.99,high,low,7,namesilo,,,18/09/2026 06:01
6bfd3f2b-3b0d-4f5a-9867-8ebcff586a67,mangold.srl,available,31.99,31.99,medium,low,7,namesilo,,,23/09/2026 11:02
9adeecc3-cdc0-4b9a-9ae3-dc02814e86ba,shyly.srl,available,31.99,31.99,medium,low,5,namesilo,,,13/09/2026 23:37
5632255c-b45d-4c7a-b5b5-176f6dfbf225,foot.srl,available,27.29,28.03,high,low,4,porkbun,,,28/09/2026 21:25
75c2949d-5afa-4202-bcbd-eb12f7e53b9d,renewing.srl,available,31.99,31.99,high,low,8,namesilo,,,09/09/2026 14:06
0ff8a42a-5cf7-4449-ab37-5890e9ef0f5f,unpaid.srl,available,31.99,31.99,high,low,6,namesilo,,,
7a309596-9b00-41e7-a576-a372e23d3510,banning.srl,available,31.99,31.99,medium,low,7,namesilo,,,18/08/2026 11:11
555b6805-64fe-4413-a0da-85c8a9f7572f,cohn.srl,available,28.04,28.04,medium,low,4,dynadot,,,28/09/2026 01:41
ed6414fe-61ff-4e15-8b62-280f116171c5,podgy.srl,available,31.99,31.99,low,low,5,namesilo,,,08/09/2026 22:22
3fa0749d-c36d-4a23-b89b-75c23f340390,swelling.srl,available,31.99,31.99,high,low,8,namesilo,,,24/09/2026 11:05
d5b392d0-0831-4bf9-900a-3aed06f30da4,nonfinite.srl,available,,,medium,low,10,,,,03/09/2026 18:26
be202182-dba8-4098-9a01-4d0371e12a42,expose.srl,available,31.99,31.99,high,low,6,namesilo,,,29/09/2026 16:08
0ea0ac04-857a-4141-a835-8b217a33ad3c,drift.srl,available,31.99,31.99,high,medium,5,namesilo,,,28/09/2026 01:40
aef0d833-2db4-4069-86c1-1c324e908086,sinatra.srl,available,27.29,28.03,high,low,7,porkbun,,,29/09/2026 18:57
dfeee396-88a5-4d6e-b1a9-1c8f7637a249,dating.srl,premium,54.28,30.68,high,low,6,namesilo,,,29/09/2026 13:14
353b2c61-e111-4dc2-b18b-90a9f099e93f,eir.srl,available,31.99,31.99,high,low,3,namesilo,,,01/10/2026 22:54
04a442ef-b74a-4400-b7f5-a7f128cab9b0,retail.srl,premium,54.28,30.68,high,low,6,namesilo,,,01/10/2026 15:26
06da102d-65a8-41dd-ba6f-1094b49fce62,ascendancy.srl,available,31.99,31.99,high,low,10,namesilo,,,20/09/2026 13:06
6ea69c1e-20df-42f1-8dad-7516a7dbaac1,farmland.srl,available,31.99,31.99,high,low,8,namesilo,,,01/10/2026 01:39
3276f434-d13b-4092-8c8f-9bf3cd1bf980,operationally.srl,available,27.29,28.03,medium,low,13,porkbun,,,29/09/2026 17:55
d64f8f91-46dc-42e1-9896-f25d4ef26d75,monitoring.srl,available,31.99,31.99,high,low,10,namesilo,,,30/09/2026 05:07
f9578ac1-0da8-4dbc-ab2c-112ac1dc46d3,killers.srl,available,31.99,31.99,medium,low,7,namesilo,,,27/09/2026 11:04
6a37da2f-e2a7-4b7b-bdf7-8303c9ed329d,systems.srl,premium,50.6,28.04,high,low,7,dynadot,,,01/10/2026 14:38
bbbb1b6c-54c7-4d4d-a75d-3a7eb7682302,phenomena.srl,available,31.99,31.99,medium,low,9,namesilo,,,29/09/2026 22:50
3f9ffb6b-860d-468c-9502-72e8834ce28d,colonial.srl,available,31.99,31.99,high,low,8,namesilo,,,12/08/2026 17:20
893c8121-573d-45d0-8acd-7e83b1a0ff66,punkie.srl,available,31.99,31.99,medium,low,6,namesilo,,,23/09/2026 22:31
c9ae8b46-3bc9-4cba-a9b5-6ac1b6443519,incan.srl,available,31.99,31.99,medium,low,5,namesilo,,,22/08/2026 00:44
f46b3932-77d0-4a6e-bc7d-2028ce7cb6f4,descended.srl,available,31.99,31.99,medium,low,9,namesilo,,,29/09/2026 10:16
9a04bf64-2010-4377-a2d1-297ec5ab50cd,relies.srl,available,31.99,31.99,medium,low,6,namesilo,,,20/09/2026 06:27
9bcda7ae-e0d2-4a72-a1dc-84ba95742df6,volcanic.srl,available,31.99,31.99,high,low,8,namesilo,,,13/09/2026 06:48
7ed9cfbb-9071-4c7e-986d-4135ed2c84be,patches.srl,available,31.99,31.99,medium,low,7,namesilo,,,17/09/2026 08:45
12ba070a-16a5-4ba8-8c89-ce0c2916d389,tow.srl,available,31.99,31.99,high,low,3,namesilo,,,30/09/2026 13:23
d5beb8fa-1879-4531-af53-f18dcec6569a,kid.srl,available,31.99,31.99,high,low,3,namesilo,,,25/09/2026 12:09
f97fc4bf-a552-4deb-bd7f-9da0dbc1bfa9,clack.srl,available,31.99,31.99,medium,low,5,namesilo,,,23/09/2026 23:30
8d11f719-7f33-4ab4-a2a9-f1043bb92efc,seminar.srl,available,31.99,31.99,high,low,7,namesilo,,,28/09/2026 06:44
7907f95e-a554-4e59-83c6-29daf6e038b2,shop.srl,premium,54.28,30.68,high,medium,4,namesilo,,,24/09/2026 21:43
7fd5d6cc-2976-438f-963b-1306028a7861,daylong.srl,available,49.99,49.99,medium,low,7,name.com,,,13/08/2026 18:51
fe05d5d9-d7db-4329-8346-c223e4e34747,cartoons.srl,available,31.99,31.99,medium,low,8,namesilo,,,29/09/2026 00:08
d0cf51d4-9a57-469d-b264-759857d845f2,pierson.srl,available,31.99,31.99,medium,low,7,namesilo,,,28/09/2026 23:01
d158c8d9-ae45-477c-bfaa-44f03a0a651c,palmerston.srl,available,31.99,31.99,medium,low,10,namesilo,,,28/09/2026 16:40
1918af27-ed4e-4dec-b61a-1bf2f7fef6c3,frankel.srl,available,31.99,31.99,medium,low,7,namesilo,,,29/09/2026 15:47
9088b1a8-6172-4042-a535-6f54468bbf51,thankful.srl,available,31.99,31.99,high,low,8,namesilo,,,24/09/2026 22:54
fcca6a9f-30b4-45e6-8a5a-5b866b00fa96,contaminated.srl,available,31.99,31.99,medium,low,12,namesilo,,,01/10/2026 23:21
35333b7c-d2e2-4239-ac28-38b3851841fd,bus.srl,premium,50.74,28.91,high,low,3,porkbun,,,28/09/2026 23:27
4137e1dd-fc98-4460-bbea-4a8f8ff85095,anticlimax.srl,available,31.99,31.99,medium,low,10,namesilo,,,19/09/2026 14:16
f4ff99c4-7112-43ae-8631-fbd8c65f3300,kda.srl,available,31.99,31.99,medium,low,3,namesilo,,,29/09/2026 17:27
6574f76e-2bc9-41fd-b8c0-0ce5f3650cdf,mackey.srl,available,31.99,31.99,medium,low,6,namesilo,,,29/09/2026 04:38
528a1fcd-f7fa-461b-9657-7994ef70ef11,baldhead.srl,available,31.99,31.99,medium,low,8,namesilo,,,21/09/2026 21:41
99f58621-0417-4719-bcee-32ed96e3da2c,hurricanes.srl,available,31.99,31.99,medium,low,10,namesilo,,,30/09/2026 15:08
e1e352b3-d95a-4e55-a80a-da18684f96af,compliments.srl,available,31.99,31.99,high,low,11,namesilo,,,29/09/2026 17:00
8d7822a1-ff5e-4a63-9a0b-cfa175ba7b49,tub.srl,available,31.99,31.99,high,low,3,namesilo,,,29/09/2026 01:33
fba8f502-40c7-43e9-9505-11de0578ecef,coolness.srl,available,31.99,31.99,high,low,8,namesilo,,,24/09/2026 14:38
9c1d20c7-9780-427f-b72e-a3f7a7dbdd7c,carter.srl,available,28.04,28.04,high,low,6,dynadot,,,29/09/2026 06:16
95896cf3-d8d1-44a4-9dda-cf344b3ddab6,rejecting.srl,available,31.99,31.99,low,low,9,namesilo,,,30/09/2026 00:04
28a1cb6f-55cd-480d-bc07-4aa006cbe9e1,philip.srl,available,31.99,31.99,high,low,6,namesilo,,,29/09/2026 17:06
5dc12d58-6332-45a6-9ea8-c0f3ba5e91f3,frizzly.srl,available,31.99,31.99,medium,low,7,namesilo,,,18/08/2026 16:06
5d9015d7-f11f-48cd-a154-b7129f551651,abrogation.srl,available,31.99,31.99,medium,low,10,namesilo,,,16/09/2026 17:14
3c976fc3-eae3-41fc-a56c-8dcea7b323a9,ruins.srl,available,31.99,31.99,low,low,5,namesilo,,,28/09/2026 12:46
d9cdb86a-db7f-4f53-b869-16289a2fe8be,misfortune.srl,available,31.99,31.99,medium,low,10,namesilo,,,21/09/2026 16:43
bf4ccb62-68a9-4514-bbc8-37b0a9d9c118,actuality.srl,available,31.99,31.99,high,low,9,namesilo,,,17/09/2026 05:19
70ba8440-7702-478f-9fbc-7a218eea63c4,jetting.srl,available,31.99,31.99,high,low,7,namesilo,,,22/08/2026 13:09
069614ac-f18e-441a-8bc1-7eb79f37a16e,feathered.srl,available,31.99,31.99,high,low,9,namesilo,,,18/08/2026 00:19
4d8c8ffd-7b2f-48f0-88fe-2f82af6ecec1,steamed.srl,available,31.99,31.99,high,low,7,namesilo,,,
5e5ab41e-da91-4372-9cba-e05332288a06,salving.srl,available,31.99,31.99,medium,low,7,namesilo,,,14/08/2026 01:40
8b337911-26c3-4fc5-b292-75a533883b51,equatorial.srl,available,31.99,31.99,high,low,10,namesilo,,,17/08/2026 11:40
2f4c6988-1c06-45de-a1a9-b224e02e1804,lopsided.srl,available,31.99,31.99,medium,low,8,namesilo,,,07/08/2026 03:41
07b09f3a-bae7-4a27-a1ef-83c164b3828b,discontent.srl,available,31.99,31.99,medium,low,10,namesilo,,,14/08/2026 09:59
acf2e98e-4ebf-4126-a5cb-61a3d5734253,inka.srl,available,31.99,31.99,medium,low,4,namesilo,,,22/08/2026 00:48
753e5d9a-3d3b-4fbd-88fd-0c1ac15316b3,powell.srl,available,31.99,31.99,high,low,6,namesilo,,,25/09/2026 04:09
ac25afbd-9a5f-4a9d-81db-2a4cf6ffa192,hart.srl,available,27.29,28.03,high,medium,4,porkbun,,,01/10/2026 19:57
71b01974-7652-40ba-b9f9-e213298338e1,pushkin.srl,available,31.99,31.99,high,low,7,namesilo,,,18/09/2026 05:07
022feaee-905c-4e73-9c6d-10373c33dedb,barnburner.srl,available,31.99,31.99,medium,low,10,namesilo,,,22/09/2026 06:49
3705251d-a92c-4a9d-9ca2-ce34b6c61734,elephants.srl,available,31.99,31.99,high,low,9,namesilo,,,18/09/2026 04:24
c80ec475-57f5-4de9-a011-b7fe0b6981d9,statuary.srl,available,,,medium,low,8,,,,10/09/2026 19:16
5de4c079-f3b8-473a-8601-702d80c801d8,lawyers.srl,available,,,high,low,7,,,,25/09/2026 20:58
d6b4177b-5380-4959-8de2-a8927bc5a714,deeper.srl,available,31.99,31.99,high,low,6,namesilo,,,17/09/2026 12:06
c6c967bf-2b86-436e-931e-d815f8a674fd,mcwilliams.srl,available,28.04,28.04,medium,low,10,dynadot,,,02/10/2026 01:12
f6832357-795b-4d8b-9d58-82fec9a92634,mercy.srl,available,31.99,31.99,high,low,5,namesilo,,,25/09/2026 09:18
6f2d4ea9-89b5-41e9-9aaf-bdb0bfe46851,degrading.srl,available,49.99,49.99,medium,low,9,name.com,,,13/08/2026 20:10
17369fc5-48c8-413d-80b3-752be5994c61,gaze.srl,available,28.04,28.04,high,low,4,dynadot,,,28/09/2026 19:17
b1326faf-7049-46aa-91a9-cefc663bbcbe,airbrush.srl,available,31.99,31.99,high,low,8,namesilo,,,17/09/2026 23:00
8321fe61-991d-4d94-8206-1d7024d47293,nourish.srl,available,31.99,31.99,high,low,7,namesilo,,,18/09/2026 07:58
50b6882f-4a2b-4a9c-a819-ea4b6d224aae,smile.srl,premium,50.6,28.04,high,medium,5,dynadot,,,27/09/2026 22:59
e249c5de-dddc-4f9d-b8fe-8f5178525692,thud.srl,available,31.99,31.99,medium,low,4,namesilo,,,11/09/2026 15:12
7d3e176f-d4ed-4829-9a61-b0af900fb710,interlaced.srl,available,31.99,31.99,medium,low,10,namesilo,,,22/08/2026 08:04
d8df6e2b-499b-44e2-8cdd-3928d643024d,upfront.srl,available,31.99,31.99,high,low,7,namesilo,,,12/09/2026 23:09
79ef0b98-4bcd-4d9f-8292-681fef44a0f1,sonia.srl,available,31.99,31.99,high,low,5,namesilo,,,28/09/2026 03:44
34fbe37c-0a2a-4c97-af71-a3d4cb52cf7f,grindle.srl,available,,,medium,low,7,,,,18/09/2026 21:21
648d5348-e108-46a0-ac6a-929130690c67,zend.srl,available,31.99,31.99,medium,low,4,namesilo,,,07/08/2026 23:12
82845fb4-5274-4b5d-8a82-3936d0d824c6,sodium.srl,available,31.99,31.99,high,low,6,namesilo,,,20/09/2026 22:13
990043fe-8afc-44c4-a416-39f4f77e2c67,thornless.srl,available,31.99,31.99,medium,low,9,namesilo,,,11/09/2026 14:08
99df2791-7249-48c2-bd6a-1362d95638a5,wings.srl,available,31.99,31.99,high,low,5,namesilo,,,25/09/2026 11:03
270610f4-a1ff-40b6-a955-88e118e8a07c,tenner.srl,available,49.99,49.99,medium,low,6,name.com,,,21/09/2026 10:53
62cbc84b-a767-498e-b25f-15fda45e0db9,polygon.srl,available,28.04,28.04,high,low,7,dynadot,,,30/09/2026 07:11
1acc5020-f419-45ad-8c6f-50976cd8079c,undeniable.srl,available,31.99,31.99,high,low,10,namesilo,,,12/09/2026 07:15
62658cec-2a8d-447d-bebe-1ba4baaf55fb,marbles.srl,available,31.99,31.99,high,low,7,namesilo,,,29/09/2026 07:32
00b98344-0b05-46bb-a2c8-13149720286b,scare.srl,available,31.99,31.99,high,low,5,namesilo,,,17/09/2026 14:51
af71f968-7b0e-4da6-8700-49453398664f,presently.srl,available,31.99,31.99,medium,low,9,namesilo,,,28/09/2026 13:26
d8b9dd4c-d098-4767-941c-7a8a6b854569,los.srl,available,31.99,31.99,high,low,3,namesilo,,,01/10/2026 00:09
56642bf5-c396-44f9-9d5f-22616c7c3c18,lawrencium.srl,available,31.99,31.99,medium,low,10,namesilo,,,20/09/2026 22:00
ea838890-1776-4891-a0f3-51cbddb430f8,hopping.srl,available,31.99,31.99,medium,low,7,namesilo,,,01/10/2026 05:32
a5046cdc-1aa3-4660-9813-4475c757e794,abidjan.srl,available,31.99,31.99,medium,low,7,namesilo,,,16/09/2026 15:38
033ecec4-4c72-4136-9ac1-2b3986a8dbd2,chip.srl,available,31.99,31.99,high,low,4,namesilo,,,01/10/2026 01:58
d1ac3c6b-c2a0-4934-a978-d3dbe6ce83a2,smiling.srl,available,31.99,31.99,high,low,7,namesilo,,,27/09/2026 23:05
552ab80c-1c85-4a9d-9de9-54323ac0e24c,opposition.srl,available,31.99,31.99,high,low,10,namesilo,,,04/09/2026 16:40
28151cbc-d9a6-412c-b6aa-20ce4737a5ab,fulsome.srl,available,31.99,31.99,medium,low,7,namesilo,,,11/08/2026 11:40
92564ecf-b84e-4a56-855c-e7f888261d31,taft.srl,available,31.99,31.99,high,low,4,namesilo,,,29/09/2026 07:29
3ff842f7-12d7-45dc-8e48-7fd5a27ab71d,youngsters.srl,available,27.29,28.03,medium,low,10,porkbun,,,30/09/2026 07:43
ac933b73-6b58-459f-9d84-57a5d2f7b93d,angelical.srl,available,31.99,31.99,medium,low,9,namesilo,,,22/09/2026 04:27
d05a717b-a1fa-44ba-8811-9e42ad791005,zhou.srl,available,31.99,31.99,high,low,4,namesilo,,,25/09/2026 22:14
bffe24b6-777d-4646-8fd2-ed418c16cb6b,howling.srl,available,31.99,31.99,high,low,7,namesilo,,,21/08/2026 14:24
6a47f3f5-3ea6-4552-820a-8b7fd953900c,petrous.srl,available,,,medium,low,7,,,,08/09/2026 18:24
479e92b8-088f-4572-8505-96fa39ca9f38,eolotropic.srl,available,31.99,31.99,medium,low,10,namesilo,,,
5b87af7e-f19a-479e-a028-0560a745e2b1,issuers.srl,available,31.99,31.99,medium,low,7,namesilo,,,30/09/2026 07:32
2135586c-df9b-4d89-bf71-a1c57b0fe8cc,rom.srl,available,28.04,28.04,high,low,3,dynadot,,,28/09/2026 19:13
5b76dbea-0a7d-48d7-b0cb-1bb9374044a8,baldrick.srl,available,31.99,31.99,medium,low,8,namesilo,,,21/09/2026 21:46
9f4ebc52-4b3e-496a-8748-b59ca824297e,prostatic.srl,available,31.99,31.99,medium,low,9,namesilo,,,09/09/2026 03:53
1b441d2e-dd76-4ed9-b9c7-b45af12e316c,mcgovern.srl,available,31.99,31.99,medium,low,8,namesilo,,,28/09/2026 08:53
5541bdf2-6aa9-4ec7-a18e-c8a4fb994145,flux.srl,available,27.29,28.03,high,medium,4,porkbun,,,30/09/2026 01:38
9cf5b73c-904a-4ad8-be16-bbe067b8e2c6,nailed.srl,available,31.99,31.99,medium,low,6,namesilo,,,18/09/2026 21:49
baafec78-9a89-430b-9fba-44cff3a97993,meritable.srl,available,49.99,49.99,medium,low,9,name.com,,,24/08/2026 20:53
8f17c4f7-5699-46c6-8006-29b56b38f600,had.srl,available,31.99,31.99,high,low,3,namesilo,,,
6f4af143-9487-48eb-98dc-27d9557af817,narrates.srl,available,28.04,28.04,medium,low,8,dynadot,,,29/09/2026 17:58
77f26ae1-4b79-4193-ae81-2fac711fa09a,adolescents.srl,available,31.99,31.99,medium,low,11,namesilo,,,02/10/2026 01:52
eb697435-1775-4d0e-848c-844a92bf6513,restricted.srl,available,31.99,31.99,high,low,10,namesilo,,,27/09/2026 13:02
b88ce942-86cd-4958-b13d-f5625034adce,airspace.srl,available,31.99,31.99,high,low,8,namesilo,,,17/09/2026 22:49
43d9411f-351a-4d28-a63e-01c296a0d007,nuthin.srl,available,31.99,31.99,medium,low,6,namesilo,,,02/10/2026 04:51
1bd13df0-7cda-4361-92fc-e98f214d3340,contrast.srl,available,31.99,31.99,high,low,8,namesilo,,,29/09/2026 11:28
bbc03bd4-2a56-4a8e-85ce-927bd0d4b69a,mackinnon.srl,available,31.99,31.99,medium,low,9,namesilo,,,30/09/2026 04:33
e44606ac-6d9c-4b29-884a-eb3e2cd371b9,prole.srl,available,31.99,31.99,medium,low,5,namesilo,,,09/09/2026 03:01
eda7da49-fa3c-4506-8591-211382b7a887,soar.srl,available,28.04,28.04,high,low,4,dynadot,,,01/10/2026 03:34
8fd39e33-b363-466a-9af0-9b2a944527d8,aloha.srl,premium,54.28,30.68,high,low,5,namesilo,,,18/09/2026 13:08
548310d7-c5a5-438f-b570-35f2ea598bc5,utmost.srl,available,31.99,31.99,high,low,6,namesilo,,,24/09/2026 17:09
2f43ef40-7073-4feb-9807-9bebcdcc0a50,flier.srl,available,31.99,31.99,high,low,5,namesilo,,,11/08/2026 05:10
71243a30-271a-4a7c-a103-b409c5b9c571,needed.srl,available,31.99,31.99,high,low,6,namesilo,,,03/09/2026 14:49
4fa49fef-2d3c-4bcb-92c4-7300a33ccac3,hate.srl,available,31.99,31.99,high,low,4,namesilo,,,29/09/2026 22:17
fe1db9da-38dd-4e4a-8a1b-e0bdac48d023,surroundings.srl,available,31.99,31.99,high,low,12,namesilo,,,01/10/2026 17:40
0cf3a966-e401-479b-a83f-f027d6ffbeb9,admitting.srl,available,27.29,28.03,medium,low,9,porkbun,,,28/09/2026 20:58
78ff9811-36c1-41a4-8951-fdb536673c4a,solitary.srl,available,31.99,31.99,high,low,8,namesilo,,,24/08/2026 08:55
800c4bd7-d106-4ca9-a1ce-36d5db05eb6a,catapultic.srl,available,49.99,49.99,medium,low,10,name.com,,,11/08/2026 21:06
8cfd17a7-a89e-4bd2-9e29-6dcaba913558,helical.srl,available,31.99,31.99,medium,low,7,namesilo,,,12/08/2026 16:11
6c7bfe18-f866-4d83-a9ae-18bb48f488d3,favors.srl,available,31.99,31.99,high,low,6,namesilo,,,18/09/2026 09:42
10671132-c6bb-4082-97d2-818e552571f1,controls.srl,available,28.04,28.04,medium,low,8,dynadot,,,27/09/2026 23:26
8ce0767a-47b0-469c-9144-1c3413964eb2,flushed.srl,available,31.99,31.99,high,low,7,namesilo,,,18/08/2026 09:26
eaf90342-e36f-4db9-8b38-78119c204f99,phonic.srl,available,,,medium,low,6,,,,08/09/2026 19:06
5f5f7cd6-d1ef-4e09-84cd-82a6a2a13148,esteban.srl,available,31.99,31.99,high,low,7,namesilo,,,29/09/2026 17:38
294d7421-56d7-424b-bd78-3686057c929e,compost.srl,available,31.99,31.99,high,low,7,namesilo,,,02/10/2026 04:25
7fef5e12-46fe-4ba4-8eb5-e4dd2b65b2a6,questionable.srl,available,31.99,31.99,medium,low,12,namesilo,,,29/09/2026 02:59
c3aee571-5af9-46a9-a74d-08317afd67e6,nesting.srl,available,31.99,31.99,high,low,7,namesilo,,,01/10/2026 07:46
e498dfd0-a596-474c-90a4-ec79a81486ef,drinking.srl,available,31.99,31.99,high,low,8,namesilo,,,29/09/2026 03:42
24268688-5262-4750-8bfe-33d2afe4427e,tolstoy.srl,available,28.04,28.04,medium,low,7,dynadot,,,01/10/2026 01:34
5bbecbc6-5ffc-449f-9ded-66ce421433b2,comfy.srl,available,31.99,31.99,high,low,5,namesilo,,,23/09/2026 15:10
fb60d57b-4f48-4a63-aec9-3d069b8ef6c5,birdbrain.srl,available,31.99,31.99,medium,low,9,namesilo,,,17/09/2026 07:04
f7a648d0-87d0-4f3d-af84-4cf5f33c1f00,totally.srl,available,31.99,31.99,high,low,7,namesilo,,,22/09/2026 00:22
74140dd6-32d3-4897-b2eb-b150b4f0a519,procedural.srl,available,31.99,31.99,high,low,10,namesilo,,,09/09/2026 02:31
f5a39aca-83da-4222-8d9b-9e5a113c17de,emmet.srl,available,31.99,31.99,medium,low,5,namesilo,,,19/09/2026 12:15
89d68fa0-afcf-4846-9ff7-9ea3e592d358,deprave.srl,available,31.99,31.99,medium,low,7,namesilo,,,13/08/2026 02:24
935f1dd6-1c7d-4aba-a738-673d87e3cd6a,carelessly.srl,available,31.99,31.99,medium,low,10,namesilo,,,14/09/2026 05:19
53fd2581-7d67-4f96-88f5-da063ebe7ee3,disliked.srl,available,31.99,31.99,medium,low,8,namesilo,,,14/08/2026 11:29
d3704ffb-5fcc-426f-ad0f-c908caa57dba,tactical.srl,available,31.99,31.99,high,low,8,namesilo,,,11/09/2026 07:00
0e5726ac-32f4-491d-a126-b873413455f2,spectator.srl,available,28.04,28.04,high,low,9,dynadot,,,29/09/2026 13:19
77a0c438-0b27-46a2-92a7-760f6af2b27e,placing.srl,available,27.29,28.03,medium,low,7,porkbun,,,28/09/2026 21:04
47df8db7-6e98-4100-9c08-e3a570765c82,alchemic.srl,available,31.99,31.99,medium,low,8,namesilo,,,
c35f6616-7444-453c-9ebc-cdfafe6dfc83,diagnose.srl,available,28.04,28.04,high,low,8,dynadot,,,30/09/2026 19:11
cf5f4a1a-2801-4656-b66d-c16c88ea4559,bayard.srl,available,,,medium,low,6,,,,22/09/2026 17:54
1fb1dce0-9a03-4546-b39f-1f00f9b3a6dc,rows.srl,available,31.99,31.99,low,low,4,namesilo,,,29/09/2026 10:22
4db52ea4-30d4-49b5-95ab-f27b45b5b3d2,wedding.srl,premium,54.28,30.68,high,low,7,namesilo,,,29/09/2026 23:26
7d20ab5a-3352-42c0-a1e8-14980ff2511e,penguin.srl,available,31.99,31.99,high,medium,7,namesilo,,,28/09/2026 10:42
02a1fd93-76f4-47aa-9ebb-9861185a9314,follicular.srl,available,31.99,31.99,medium,low,10,namesilo,,,18/08/2026 10:20
8db145f8-e1be-44a2-bdc8-49140d978d9e,quotidian.srl,available,31.99,31.99,medium,low,9,namesilo,,,17/08/2026 14:57
34c08c78-1409-42bc-8d17-49e157c6252f,naseby.srl,available,31.99,31.99,medium,low,6,namesilo,,,22/09/2026 15:31
a15c9df4-94d2-4f3c-9d32-84daa981951e,shuttered.srl,available,31.99,31.99,medium,low,9,namesilo,,,10/09/2026 07:21
aee2b186-28e7-4f9b-abe9-a8a7ab82b9cf,successes.srl,available,31.99,31.99,medium,low,9,namesilo,,,
5c36995d-ff00-4204-b92c-972b311d69d4,cranky.srl,available,31.99,31.99,medium,low,6,namesilo,,,13/08/2026 04:53
cd1922e7-178f-4b92-b8d8-df30624abd06,vietnamese.srl,available,31.99,31.99,high,low,10,namesilo,,,13/09/2026 05:32
5776cf03-11d2-4dd4-8caf-7fd5e6e1dc39,wrap.srl,available,31.99,31.99,high,low,4,namesilo,,,26/09/2026 00:32
677d5fe2-a579-4917-b0e3-c04903409d4a,overlook.srl,available,31.99,31.99,high,low,8,namesilo,,,30/09/2026 05:32
62c6a2c1-0180-4a70-85e0-fa0ff444a5ac,marcia.srl,available,31.99,31.99,high,low,6,namesilo,,,28/09/2026 03:56
f55fa42e-1769-413c-bcb9-0904a346be09,calamitous.srl,available,31.99,31.99,medium,low,10,namesilo,,,11/08/2026 13:28
b453ec8a-0211-41f2-a615-5989fbdfca8f,sagging.srl,available,31.99,31.99,medium,low,7,namesilo,,,14/08/2026 19:45
40c338a3-e4ae-456a-b1a4-18f1e1d9c3aa,gowns.srl,available,27.29,28.03,low,low,5,porkbun,,,01/10/2026 18:12
53750478-4778-4532-a4bd-8840d59e4183,arriviste.srl,available,31.99,31.99,medium,low,9,namesilo,,,03/09/2026 22:17
30ab045e-b6ba-4d05-a019-04a563a96b24,truelove.srl,available,31.99,31.99,high,low,8,namesilo,,,10/09/2026 19:36
9b580d98-c72f-41ec-a001-f2515ee0a81a,tallest.srl,available,31.99,31.99,medium,low,7,namesilo,,,01/10/2026 17:37
88bb1fe4-1f75-4be4-8d2f-54984c04d1a8,rehearsal.srl,available,31.99,31.99,high,low,9,namesilo,,,27/09/2026 03:47
d619a059-8c61-4c0c-bf46-5e4506198839,arcsecond.srl,available,31.99,31.99,medium,low,9,namesilo,,,20/09/2026 02:41
fe30e38e-1d48-4d41-b9c4-2c3f119f4abc,viewable.srl,available,31.99,31.99,high,low,8,namesilo,,,13/09/2026 05:37
5e97e16e-0deb-49ca-a64e-84688be3152c,sear.srl,available,49.99,49.99,medium,low,4,name.com,,,14/08/2026 19:05
42b453e9-3b87-4fc7-9dcc-d1c22a1cfce8,rings.srl,available,31.99,31.99,high,low,5,namesilo,,,25/09/2026 10:24
8e439e4f-ef98-4748-ac9f-24bc99fb994d,flyers.srl,available,31.99,31.99,medium,low,6,namesilo,,,29/09/2026 16:42
72154f89-e29b-45ec-9911-cee6df3c0ebd,contests.srl,available,31.99,31.99,medium,low,8,namesilo,,,30/09/2026 00:34
e8f74e09-76d0-4dcf-9863-2792683acb8e,numbly.srl,available,31.99,31.99,low,low,6,namesilo,,,15/09/2026 08:39
93cb2616-7429-4c6e-a1ca-9847a1e24ae5,sul.srl,available,31.99,31.99,medium,low,3,namesilo,,,27/09/2026 10:19
0f7801cb-f235-444f-82ec-29fa91e841dc,restrictive.srl,available,31.99,31.99,medium,low,11,namesilo,,,01/10/2026 06:03
fe5607d2-bd2a-4683-b430-e18c981ac3be,apartments.srl,premium,54.28,30.68,medium,low,10,namesilo,,,19/09/2026 20:12
2a47b8f1-1d43-4836-a07f-3cac09a55858,assuming.srl,available,31.99,31.99,medium,low,8,namesilo,,,07/08/2026 08:16
b876058c-9abc-4bf4-909c-58858df3dfae,rated.srl,available,27.29,28.03,high,low,5,porkbun,,,01/10/2026 23:17
41cd5b01-3f5b-4304-a14b-e87f62b0251b,ravenous.srl,available,31.99,31.99,medium,low,8,namesilo,,,15/08/2026 06:13
a21b9aaf-24af-4a63-a283-585fb075e1ee,hafnium.srl,available,31.99,31.99,medium,low,7,namesilo,,,20/09/2026 23:42
bcee8949-7e4b-4c86-b3bb-885f43ddc69c,recognised.srl,available,31.99,31.99,high,low,10,namesilo,,,21/09/2026 15:30
15a46b9b-eaa0-41d5-bab4-344560876d4e,cuteness.srl,available,31.99,31.99,high,low,8,namesilo,,,24/09/2026 20:43
e5e0a178-3bcd-41c8-ac74-6a9f92f9cac6,emergent.srl,available,31.99,31.99,high,low,8,namesilo,,,16/08/2026 14:17
3bd07659-5b8d-4862-ae7e-ea1d794eb495,supple.srl,available,31.99,31.99,high,low,6,namesilo,,,23/08/2026 11:09
a3f74583-861e-4ca2-a144-c3c2a6ff9803,lesser.srl,available,31.99,31.99,medium,low,6,namesilo,,,23/08/2026 00:24
b8cc5f2e-73a1-40d0-a213-23f5a2297382,sherry.srl,available,31.99,31.99,medium,low,6,namesilo,,,28/09/2026 15:20
ae21475f-6805-455a-b14b-d81959b00565,carribean.srl,available,31.99,31.99,high,low,9,namesilo,,,01/10/2026 23:31
4dd6cfda-f2da-42e6-94b9-1ee2fb0a565c,jackfruit.srl,available,31.99,31.99,high,low,9,namesilo,,,20/09/2026 11:58
e83d9009-2a0f-4d01-a19d-49fb8509b559,anomaly.srl,available,31.99,31.99,high,low,7,namesilo,,,19/09/2026 11:28
2dea6e79-a095-425a-9901-e307efc68567,shillings.srl,available,31.99,31.99,medium,low,9,namesilo,,,30/09/2026 06:43
f3d26796-0ead-4940-bd55-d41a8f2c3c2e,curses.srl,available,31.99,31.99,medium,low,6,namesilo,,,01/10/2026 22:40
0ce371e2-6ff0-44d4-a596-738ec1307ca0,waters.srl,available,27.29,28.03,high,low,6,porkbun,,,28/09/2026 21:01
48ba02c5-e9d0-4661-9891-20bdd0acf159,ardeb.srl,available,31.99,31.99,medium,low,5,namesilo,,,20/09/2026 03:06
7852b032-f2bc-4aa9-b986-aca69b033b87,crispy.srl,available,31.99,31.99,high,low,6,namesilo,,,13/08/2026 07:23
dcac4d6d-7715-4fc5-b458-2010666b07ed,afterworld.srl,available,31.99,31.99,medium,low,10,namesilo,,,17/09/2026 15:58
f4d09aaf-d9ae-4797-8cdb-8f67f2bdde39,halls.srl,available,31.99,31.99,high,low,5,namesilo,,,28/09/2026 13:17
e0db8d6f-354f-4e0c-9af5-ab2561b4e1ed,umbrellas.srl,available,31.99,31.99,medium,low,9,namesilo,,,18/09/2026 22:52
c7345b90-911e-491b-882f-31b4598902f8,trigon.srl,available,31.99,31.99,high,low,6,namesilo,,,11/09/2026 19:46
d5bbad01-698b-47ec-926d-394e9605cc5a,iata.srl,available,27.29,28.03,high,low,4,porkbun,,,30/09/2026 20:51
3ec4a115-2097-4fab-9f44-ed461de5c43e,vulnerable.srl,available,31.99,31.99,high,low,10,namesilo,,,13/09/2026 07:24
2974fd5b-82db-4d2e-804d-8bb172f83193,fielding.srl,available,31.99,31.99,high,low,8,namesilo,,,29/09/2026 06:54
b46ebfcf-737a-4c2b-a4e4-86c7f2018901,enlarged.srl,available,31.99,31.99,high,low,8,namesilo,,,22/09/2026 22:37
971c4636-45f0-42be-8ec4-d3dcdb804edb,stepping.srl,available,31.99,31.99,high,low,8,namesilo,,,16/09/2026 15:33
0554f832-fc37-40a8-8726-20f35da007a9,apia.srl,available,31.99,31.99,medium,low,4,namesilo,,,19/09/2026 17:18
4c28efde-2fee-4b3e-b24f-48a79fc9ba21,archival.srl,available,31.99,31.99,high,low,8,namesilo,,,06/08/2026 15:53
9fc9a047-d2f6-4929-b567-ce139ed02aa7,life.srl,premium,54.28,30.68,high,medium,4,namesilo,,,25/09/2026 14:06
45091b2c-7eab-4358-8a8e-ce41f6782206,rooibos.srl,available,31.99,31.99,medium,low,7,namesilo,,,20/09/2026 14:38
95c23c3d-9f98-4134-a91a-557856d8f98e,escaped.srl,available,31.99,31.99,medium,low,7,namesilo,,,07/08/2026 11:22
fd10ebee-edeb-4505-b5b4-ad87f8ecafc6,cockamamy.srl,available,31.99,31.99,low,low,9,namesilo,,,12/08/2026 14:49
2ea8b011-0a01-4f2c-a795-2464adbe8aa2,alongside.srl,available,,,high,low,9,,,,13/09/2026 19:12
0959e6c6-b353-43eb-9e0b-09439131bfe4,adverse.srl,available,31.99,31.99,medium,low,7,namesilo,,,
3b779c8a-5ee2-48e6-9fbd-6708c383709c,bermudian.srl,available,31.99,31.99,medium,low,9,namesilo,,,09/08/2026 15:15
c191d884-2c76-4349-861a-690cb7f36837,actaea.srl,available,31.99,31.99,medium,low,6,namesilo,,,17/09/2026 04:11
d8e103df-1ae4-473b-9658-093cf2b4e427,slapped.srl,available,31.99,31.99,low,low,7,namesilo,,,29/09/2026 23:39
fb1fea34-d125-4109-b0a7-411189897c0b,creating.srl,available,27.29,28.03,high,low,8,porkbun,,,01/10/2026 19:45
66d01b09-cfff-4be2-8ec7-33def62e4cfa,graveyard.srl,available,31.99,31.99,high,low,9,namesilo,,,28/09/2026 01:14
92ba2820-ede0-4d44-8446-fd251ef5ac3b,smoked.srl,available,31.99,31.99,medium,low,6,namesilo,,,10/09/2026 11:53
ec851596-b8fe-4aeb-9a24-eab5163d41ca,caliginous.srl,available,31.99,31.99,low,low,10,namesilo,,,11/08/2026 14:25
10b26f34-a59b-4f62-b2b4-374e34d985a5,peaky.srl,available,31.99,31.99,medium,low,5,namesilo,,,08/09/2026 11:10
976891fa-b514-4955-b2dc-1a8977cf8a36,bursts.srl,available,31.99,31.99,low,low,6,namesilo,,,30/09/2026 14:44
bdf6d570-fbfb-4d5e-b151-4e1b0f8853d2,nostrils.srl,available,31.99,31.99,medium,low,8,namesilo,,,
d299a6a6-06fd-4454-b24e-80ce2c99c0dd,events.srl,premium,54.28,30.68,high,low,6,namesilo,,,
4c782819-b7d8-461d-beb9-0cbd6648969e,fondness.srl,available,31.99,31.99,high,low,8,namesilo,,,17/09/2026 14:17
1188d5e5-8b72-4c2d-9f38-330d0ebb4dda,fists.srl,available,31.99,31.99,medium,low,5,namesilo,,,30/09/2026 15:15
5e345162-990b-4e25-9886-38093b2692ed,dusky.srl,available,49.99,49.99,high,low,5,name.com,,,14/08/2026 21:32
4156ab38-af25-4bea-a896-9de5962ddd5e,reinforced.srl,available,31.99,31.99,high,low,10,namesilo,,,23/09/2026 10:25
2a6dd858-8562-45a8-af36-ec343ada984a,westmoreland.srl,available,31.99,31.99,high,low,12,namesilo,,,28/09/2026 04:13
b030d95d-67f4-400d-bbf5-40d25f9e5d22,edmond.srl,available,31.99,31.99,medium,low,6,namesilo,,,27/09/2026 01:39
2a3d31f8-e806-4a68-85a8-ae5c10c46524,bumbling.srl,available,31.99,31.99,medium,low,8,namesilo,,,11/08/2026 09:34
4ef64eb6-4553-45c5-a285-9cf7afa49ceb,mathias.srl,available,31.99,31.99,high,low,7,namesilo,,,28/09/2026 05:17
de88b3d1-0c2f-4f3c-8487-cbfeec85e74a,brisken.srl,available,31.99,31.99,medium,low,7,namesilo,,,11/08/2026 04:39
0ffbe91e-e850-4a24-9cab-e25fcf470529,gorki.srl,available,31.99,31.99,medium,low,5,namesilo,,,18/09/2026 05:08
36cd2f76-481a-4677-9b1c-70221b3c95e9,sixfold.srl,available,31.99,31.99,high,low,7,namesilo,,,10/09/2026 05:21
25fd34c0-0ead-4b27-951d-8da244316124,glistening.srl,available,31.99,31.99,high,low,10,namesilo,,,20/08/2026 14:30
b96954fa-283c-4f82-bee2-6429a94179fb,advertiser.srl,premium,54.28,30.68,high,low,10,namesilo,,,17/09/2026 08:38
5f0ac3c2-e895-4d77-942a-3329fe058171,oxford.srl,available,31.99,31.99,high,low,6,namesilo,,,30/09/2026 06:19
0c4abda7-cdf6-44d1-9e3f-dd838c3b38eb,mediatory.srl,available,49.99,49.99,medium,low,9,name.com,,,24/08/2026 18:55
02eeca09-c29a-48ff-a0c4-e99496b1990b,grinder.srl,available,31.99,31.99,medium,low,7,namesilo,,,25/08/2026 03:40
344b369f-9820-4d34-8560-312bbd914284,twain.srl,available,31.99,31.99,medium,low,5,namesilo,,,02/10/2026 04:28
565cdbf2-c2e3-4e44-b303-cc854cb83031,mutation.srl,available,31.99,31.99,high,low,8,namesilo,,,03/09/2026 11:41
20fb3b65-ba23-44ce-8901-ce229658065d,confluent.srl,available,49.99,49.99,high,low,9,name.com,,,12/08/2026 21:07
6cea7047-2d00-4523-a6c5-4bbb7329c2a1,adolescent.srl,available,49.99,49.99,high,low,10,name.com,,,21/09/2026 19:03
4bbdcadb-7c5f-4985-be65-8102cf4d498b,weep.srl,available,31.99,31.99,high,low,4,namesilo,,,29/09/2026 14:16
5d11b8d7-5baa-4d04-bc1e-0612a39d6df1,creative.srl,premium,54.28,30.68,high,medium,8,namesilo,,,01/10/2026 01:41
a1795562-53d0-4abf-9077-c77d0916cfdf,torture.srl,available,49.99,49.99,high,low,7,name.com,,,11/09/2026 18:03
6ce0d10f-a16a-44c9-85f4-f1a966567840,melee.srl,available,31.99,31.99,high,low,5,namesilo,,,22/09/2026 16:23
f4bc0128-75f8-4700-b6b8-b0a2da6e1ab8,disjunct.srl,available,31.99,31.99,medium,low,8,namesilo,,,14/08/2026 11:25
f41f8621-c58a-472a-99d3-a3588becae49,guerra.srl,available,31.99,31.99,medium,low,6,namesilo,,,28/09/2026 12:18
045b439f-df32-4351-b9b7-9aed9edbf529,yard.srl,available,31.99,31.99,high,low,4,namesilo,,,21/09/2026 11:13
62a44088-b164-4cb5-b90f-d224f9fb351a,bloom.srl,available,31.99,31.99,high,medium,5,namesilo,,,22/09/2026 22:34
e30d2396-0c8d-4343-807b-8dc4dd5e3457,shapeless.srl,available,49.99,49.99,medium,low,9,name.com,,,
f007c39c-bc74-4a2c-8cae-069102647eea,sulphur.srl,available,31.99,31.99,medium,low,7,namesilo,,,20/09/2026 22:29
546b0cc1-9926-4ca8-8c66-814d3e88eff6,scarecrow.srl,available,31.99,31.99,high,low,9,namesilo,,,23/09/2026 19:41
2ca0bbf6-dbb6-4801-a6f2-e682711b280b,dismiss.srl,available,31.99,31.99,high,low,7,namesilo,,,29/09/2026 15:34
95ad7af9-4c4a-43e9-a479-d6d378361069,minnie.srl,available,31.99,31.99,high,low,6,namesilo,,,29/09/2026 09:12
087903ee-7983-4166-87d6-3204c7b211c9,boyle.srl,available,31.99,31.99,high,low,5,namesilo,,,25/09/2026 02:02
f6cbba38-f23e-4a37-a983-9428664500e8,eminent.srl,available,31.99,31.99,high,low,7,namesilo,,,16/08/2026 15:06
f0c29c55-c413-4477-99f0-921fe2944b4b,tycoon.srl,available,31.99,31.99,high,low,6,namesilo,,,23/09/2026 14:18
615596a3-e8a8-4e73-bea4-f032297063a9,zoology.srl,available,28.04,28.04,high,low,7,dynadot,,,01/10/2026 02:02
a9f9d9b8-3e61-4101-bd2c-065d86dabb9a,multitude.srl,available,28.04,28.04,high,low,9,dynadot,,,29/09/2026 10:33
9205b4db-129a-48e5-9c34-34042552b2b8,tactic.srl,available,28.04,28.04,high,low,6,dynadot,,,29/09/2026 07:31
f91f3ac8-0bfd-47cb-89f9-2f5af24c8a18,keypress.srl,available,49.99,,medium,low,9,name.com,,,
f0de9ce2-ddb9-4095-96e8-2d05146dea1c,camels.srl,available,27.29,28.03,medium,low,6,porkbun,,,30/09/2026 15:26
74fc4ebe-db06-435b-8f6a-a295cc5af261,propellant.srl,available,31.99,31.99,high,low,10,namesilo,,,09/09/2026 03:26
bf4acbf0-cf10-444b-a62a-fd860b610734,craven.srl,available,31.99,31.99,medium,low,6,namesilo,,,13/08/2026 05:27
be6100bd-c552-4582-96da-a4ba83182889,beauvoir.srl,available,31.99,31.99,high,low,8,namesilo,,,22/09/2026 22:24
607e923f-0ba5-444f-94a8-9c7dafbb5505,pointed.srl,available,31.99,31.99,high,low,7,namesilo,,,08/09/2026 22:36
232ee1ad-c058-443d-964c-e4925dd7fb95,tantalum.srl,available,31.99,31.99,medium,low,8,namesilo,,,20/09/2026 23:42
6cb3a6c4-7d9b-48cc-947f-63042ac0594e,exercise.srl,available,27.29,28.03,high,low,8,porkbun,,,01/10/2026 02:39
1dbbd088-d814-4e45-b06e-aae30b13c5fb,arise.srl,available,31.99,31.99,high,low,5,namesilo,,,28/09/2026 10:48
d8bcd0b4-f919-4222-ac03-4dd177736df9,bulldog.srl,available,31.99,31.99,high,low,7,namesilo,,,24/09/2026 11:08
40be2486-7751-44cb-93f7-af25a70888d2,abilene.srl,available,31.99,31.99,high,low,7,namesilo,,,16/09/2026 15:54
798f3ef3-74f4-46e2-bc03-d4ef1e7ce613,warsaw.srl,available,31.99,31.99,high,low,6,namesilo,,,29/09/2026 06:15
e6871120-1659-4412-a904-5a6b9bc6206e,accent.srl,available,31.99,31.99,high,low,6,namesilo,,,16/09/2026 21:50
4e591564-e92d-419d-956e-29d8dbf9a78b,betrayal.srl,available,31.99,31.99,medium,low,8,namesilo,,,23/09/2026 11:24
44aff1de-891a-4f6a-afa6-a8fee381aa5c,blaring.srl,available,31.99,31.99,medium,low,7,namesilo,,,10/08/2026 13:08
924f66ad-806c-4948-bfb1-a2cae6897039,dragonfly.srl,available,31.99,31.99,high,low,9,namesilo,,,30/09/2026 01:23
660fb4c4-c8f4-4e2f-b776-8cd4a1f267b5,quartet.srl,available,31.99,31.99,high,low,7,namesilo,,,
6c22c9ad-726d-41fe-a8c6-9fd75dfd70b1,caroline.srl,available,49.99,49.99,high,low,8,name.com,,,11/08/2026 19:29
4cd08c15-ee14-4c8a-a6e0-6673f8e859e4,sublimed.srl,available,31.99,31.99,medium,low,8,namesilo,,,11/09/2026 00:03
9faff837-0a32-4a2e-8835-5574a7ddd9a6,promenade.srl,available,31.99,31.99,high,low,9,namesilo,,,18/09/2026 16:56
f7bbf2ef-9736-4d27-9014-9625d0c43ca4,hancock.srl,available,31.99,31.99,high,low,7,namesilo,,,25/09/2026 06:51
f2a6a96d-6f2b-4872-bce6-aab334a2029c,windblown.srl,available,31.99,31.99,medium,low,9,namesilo,,,13/09/2026 12:08
001cd728-2901-469b-999c-f27ce91a05cd,paused.srl,available,31.99,31.99,medium,low,6,namesilo,,,18/09/2026 02:16
3ad7875c-c233-4ff4-8bab-7d7e3ac2eaf9,carmel.srl,available,31.99,31.99,high,low,6,namesilo,,,01/10/2026 08:48
65d42dbe-41d6-4be7-9170-444acd3b9632,colo.srl,available,28.04,28.04,medium,low,4,dynadot,,,30/09/2026 06:13
03696c3c-4dff-4d1d-86cb-e9a2b5d67ccf,headline.srl,available,31.99,31.99,high,low,8,namesilo,,,29/09/2026 22:23
433cfc87-08a8-4d9c-b86d-63559fd9c156,plaudit.srl,available,31.99,31.99,high,low,7,namesilo,,,16/09/2026 22:36
90c3986f-145c-413a-b254-026012c457e7,bilinear.srl,available,49.99,49.99,high,low,8,name.com,,,09/08/2026 21:20
0c9e3ee7-0be2-427b-b28e-82c26a19c825,albanian.srl,available,31.99,31.99,high,low,8,namesilo,,,
84ca6945-1043-443e-ae6d-85943e751136,hathaway.srl,available,31.99,31.99,high,low,8,namesilo,,,19/09/2026 10:18
fabfef67-a9cb-4e76-95bc-8b53fa57bd90,brady.srl,available,31.99,31.99,high,low,5,namesilo,,,25/09/2026 02:15
a04bbbe2-ba34-40a8-b40d-8ac1cec98dbb,meetings.srl,available,31.99,31.99,medium,low,8,namesilo,,,27/09/2026 10:46
0d506a77-64ad-4825-9b7f-f7950a514eca,fantasy.srl,available,31.99,31.99,high,low,7,namesilo,,,24/09/2026 16:36
4ff30458-3800-40e8-8801-8dbffadbc596,bulk.srl,available,31.99,31.99,high,low,4,namesilo,,,29/09/2026 05:21
49c8b631-fd72-4a69-9b4c-16cff270b376,cabs.srl,available,31.99,31.99,medium,low,4,namesilo,,,02/10/2026 03:57
6691d9be-3060-4d9d-9a02-e7094993d62e,anglophobe.srl,available,31.99,31.99,medium,low,10,namesilo,,,19/09/2026 06:55
0b4273b7-8ed3-4580-8190-4d3ab128451e,trey.srl,available,31.99,31.99,high,low,4,namesilo,,,
107ba07c-ccdf-4d35-80d3-e128f6c8bd23,simulator.srl,available,28.04,28.04,high,low,9,dynadot,,,30/09/2026 11:02
3be81b54-354e-4415-8cc5-6cf17fd5caf0,braky.srl,available,31.99,31.99,low,low,5,namesilo,,,11/08/2026 01:57
ccd11ee2-8b66-4beb-bf21-a7783b4087c6,darts.srl,available,28.04,28.04,high,low,5,dynadot,,,29/09/2026 06:31
1faa3cba-2c39-4435-9e4b-4e52eedb20be,juarez.srl,available,28.04,28.04,high,low,6,dynadot,,,29/09/2026 18:22
7cbc0647-74d8-4678-a7a9-23b36d864884,murmur.srl,available,31.99,31.99,high,low,6,namesilo,,,03/09/2026 11:16
6b59987d-97cd-4bc0-b096-48ab8299f6c5,leaping.srl,available,27.29,28.03,high,low,7,porkbun,,,30/09/2026 17:53
ec6846a1-7afe-4ceb-8d26-7ca42be74f5a,stephen.srl,available,31.99,31.99,high,low,7,namesilo,,,25/09/2026 10:43
cd3b0716-86fb-479d-b3f9-6744d8c3ebaf,intangible.srl,available,31.99,31.99,high,low,10,namesilo,,,21/08/2026 21:42
e595015e-b2f9-4ca1-a0b1-9f0acdc40253,seagoing.srl,available,31.99,31.99,medium,low,8,namesilo,,,04/09/2026 00:24
41621d38-7eb6-474a-a643-be43d87909f0,aberrance.srl,available,31.99,31.99,medium,low,9,namesilo,,,16/09/2026 15:12
4e3eccc1-69b4-4a02-817b-f558934dd960,limo.srl,available,31.99,31.99,high,low,4,namesilo,,,30/09/2026 03:02
0917dd9b-8b50-4571-ab18-5228e0567614,britain.srl,available,27.29,28.03,high,low,7,porkbun,,,29/09/2026 04:23
8fc7ad63-470c-4ff7-9444-e6c700455cc0,rudolf.srl,available,31.99,31.99,high,low,6,namesilo,,,25/09/2026 15:40
4fd1ca9b-75f7-4e60-abbb-8d542229dfa2,gibbons.srl,available,31.99,31.99,medium,low,7,namesilo,,,29/09/2026 04:20
69e42e15-0d4e-40de-9356-622ea3f1df59,internets.srl,available,31.99,31.99,medium,low,9,namesilo,,,01/10/2026 11:19
e675e189-4f40-4a59-b766-4fdf0334e857,shakes.srl,available,28.04,28.04,medium,low,6,dynadot,,,29/09/2026 17:26
92183e4d-c22a-42f8-a4fa-f8369d90f5cf,redmond.srl,available,31.99,31.99,medium,low,7,namesilo,,,28/09/2026 11:41
500436bd-73d5-4d2f-bb6c-d4918d731bb3,axilla.srl,available,31.99,31.99,medium,low,6,namesilo,,,20/09/2026 07:40
c7fc380f-584d-4f87-8c67-b5a3859f116f,array.srl,available,31.99,31.99,high,low,5,namesilo,,,20/09/2026 08:50
9b6f5ee4-3665-4e0e-8daf-9c3c0f8bb0c1,eustace.srl,available,31.99,31.99,medium,low,7,namesilo,,,29/09/2026 15:27
d16a9680-3b09-4ca8-a8df-840f4bb2d75d,strang.srl,available,31.99,31.99,medium,low,6,namesilo,,,02/10/2026 03:05
45de5b93-d36e-4453-8aec-1060fda17071,barons.srl,available,28.04,28.04,medium,low,6,dynadot,,,30/09/2026 13:35
2295e369-83ec-44de-be15-91c848a06d14,honorable.srl,available,31.99,31.99,high,low,9,namesilo,,,21/08/2026 13:21
30df9126-abaf-4256-9aa8-08b73c7d3286,civilians.srl,available,28.04,28.04,medium,low,9,dynadot,,,28/09/2026 05:06
cf7017a2-672e-4a5c-a0e5-2161e784a6c6,seedless.srl,available,31.99,31.99,high,low,8,namesilo,,,10/09/2026 01:45
18fafb07-c191-4873-a157-a948d66db019,gloam.srl,available,31.99,31.99,medium,low,5,namesilo,,,11/09/2026 21:43
0aa8b869-d1db-4540-91fd-a9290a94eacc,implanted.srl,available,31.99,31.99,high,low,9,namesilo,,,13/08/2026 22:47
dcfd4afb-9bbf-42b2-b7c0-80f5b96637de,climbing.srl,available,31.99,31.99,high,low,8,namesilo,,,24/09/2026 15:41
65fda241-71bc-4bbe-b58b-013451b21dbc,sacrificed.srl,available,27.29,28.03,low,low,10,porkbun,,,28/09/2026 17:16
85783e85-0094-45a2-9cf9-44e922e78e79,mcgraw.srl,available,31.99,31.99,medium,low,6,namesilo,,,28/09/2026 06:05
ddd67e34-d775-4232-8292-3d1dae1943cb,bakshish.srl,available,31.99,31.99,medium,low,8,namesilo,,,21/09/2026 15:53
6f9604a5-3775-4935-a198-9002fab0d255,hezbollah.srl,available,31.99,31.99,medium,low,9,namesilo,,,29/09/2026 07:16
930717fc-23a6-4ae2-8f88-3aed51fbd6e0,baptistry.srl,available,31.99,31.99,medium,low,9,namesilo,,,22/09/2026 03:28
588400b0-5cf6-4008-899b-fa64b154bb61,forms.srl,available,31.99,31.99,high,low,5,namesilo,,,17/09/2026 09:39
ae9aa604-dc60-4202-a255-6d1563c98431,hegelian.srl,available,31.99,31.99,medium,low,8,namesilo,,,21/08/2026 06:14
1116e8bb-bcd2-42f7-a06d-c930bf90890c,hooper.srl,available,31.99,31.99,medium,low,6,namesilo,,,29/09/2026 02:55
1d2d88e0-c387-45cd-80a4-3bcec04e6d91,deceived.srl,available,27.29,28.03,low,low,8,porkbun,,,29/09/2026 23:13
cc2fde46-0d11-47e8-a717-7f59938ff5fd,appellant.srl,available,31.99,31.99,high,low,9,namesilo,,,06/08/2026 06:23
36c8a69e-0ab3-4137-a506-f0b7683675f9,hello.srl,premium,54.28,30.68,high,high,5,namesilo,,,29/09/2026 22:38
b90f231e-b307-4c3d-ba8f-8533a9198a5e,harmful.srl,available,31.99,31.99,medium,low,7,namesilo,,,08/09/2026 09:32
6efa1623-7661-4ee4-ae12-16f2dc18191a,viii.srl,available,31.99,31.99,high,low,4,namesilo,,,
2c583cf2-8f28-4c78-a83a-035c3d83be26,alertness.srl,available,31.99,31.99,high,low,9,namesilo,,,18/09/2026 05:27
6f1b1e58-e8dc-48be-9f81-3709f6169b29,ridicule.srl,available,31.99,31.99,medium,low,8,namesilo,,,24/09/2026 02:25
1d70d04e-0582-4098-8822-8dec69e367ee,trainers.srl,available,31.99,31.99,medium,low,8,namesilo,,,02/10/2026 02:12
5dbf0375-0aa3-46f4-a190-2e543b04febc,tompkins.srl,available,31.99,31.99,medium,low,8,namesilo,,,28/09/2026 08:31
da597bd7-13de-4ee2-a337-4e7ae4c0a07a,kurt.srl,available,31.99,31.99,high,low,4,namesilo,,,25/09/2026 13:27
155bd520-7b58-41e6-8bdf-da08005ce27b,fossorial.srl,available,31.99,31.99,medium,low,9,namesilo,,,18/08/2026 13:21
86aa0ada-c4e4-40e5-8fd5-0b8eeec71ddb,dared.srl,available,31.99,31.99,medium,low,5,namesilo,,,29/09/2026 16:49
a6a79172-878d-4c72-bb5f-bcb5d7099d33,ominous.srl,available,49.99,49.99,medium,low,7,name.com,,,24/08/2026 20:00
a8b8319a-3129-498d-98bd-a27ea6af6841,tatar.srl,available,31.99,31.99,high,low,5,namesilo,,,29/09/2026 01:41
c87910f3-5da3-473a-9214-94823f20b192,logy.srl,available,31.99,31.99,medium,low,4,namesilo,,,18/08/2026 09:55
f1cf162f-2068-4ad3-ba72-f4cc6dc1ded7,udp.srl,available,31.99,31.99,high,low,3,namesilo,,,30/09/2026 20:51
f34ad173-d8ef-458e-b8ab-8a3d0543d7bf,spoke.srl,available,31.99,31.99,high,low,5,namesilo,,,25/09/2026 10:31
d84fc756-05a7-4fca-af86-64dbb3f14d57,bids.srl,available,31.99,31.99,high,low,4,namesilo,,,29/09/2026 15:47
511ecbd0-1140-4de0-b095-b3c9a089f2f7,curvy.srl,available,49.99,49.99,high,low,5,name.com,,,10/08/2026 20:32
40fc3d6a-399e-4070-b998-8ed6843a9adc,molotov.srl,available,31.99,31.99,high,low,7,namesilo,,,29/09/2026 13:28
91a71156-bf20-490a-8fca-3764642f0358,lavender.srl,available,49.99,49.99,high,low,8,name.com,,,22/08/2026 21:02
dbac851c-ac60-4932-9794-0600d14044ab,seasonable.srl,available,31.99,31.99,medium,low,10,namesilo,,,10/09/2026 00:56
5070a040-b820-4d7c-8b02-c6e293de822c,furnace.srl,available,27.29,28.03,high,low,7,porkbun,,,28/09/2026 19:17
064b77e8-a15a-410c-abc7-dcd34b47f87c,shoreline.srl,available,31.99,31.99,high,low,9,namesilo,,,30/09/2026 11:01
63be7af6-be87-46cf-94c4-d4afad49891b,hound.srl,available,31.99,31.99,medium,low,5,namesilo,,,24/09/2026 02:24
a60b62c8-edea-4f6f-8250-56b063d24822,bollock.srl,available,31.99,31.99,medium,low,7,namesilo,,,21/09/2026 23:08
86e607d6-d1fb-4c28-abe7-99443c3b18ea,dna.srl,available,31.99,31.99,high,medium,3,namesilo,,,29/09/2026 14:01
db759d00-3c16-4351-a09c-e1bec55aceaf,admirable.srl,available,31.99,31.99,high,low,9,namesilo,,,21/09/2026 18:46
e798b0a5-2c05-4b14-a42d-d81c63f4b1c8,sometimes.srl,available,31.99,31.99,high,low,9,namesilo,,,16/09/2026 04:53
b271c48e-b25f-4b89-9483-1cc55a485455,aneurysm.srl,available,31.99,31.99,medium,low,8,namesilo,,,19/09/2026 05:41
5ff6bd28-70bb-49b2-beee-e6d968314d5f,jamal.srl,available,31.99,31.99,medium,low,5,namesilo,,,29/09/2026 03:56
22707473-4a29-40b5-b9d9-8823485cda5e,quiet.srl,available,31.99,31.99,high,low,5,namesilo,,,23/09/2026 12:30
0f29bc10-dc07-44c2-a2be-7b2a539e7e17,aloes.srl,available,31.99,31.99,medium,low,5,namesilo,,,18/09/2026 13:07
4e46d8a0-7ec0-45f7-aba8-4cd24db733cf,laboratory.srl,available,28.04,28.04,high,low,10,dynadot,,,30/09/2026 18:22
d3f02e35-0561-43ec-82b0-12c04405075f,unpainted.srl,available,31.99,31.99,medium,low,9,namesilo,,,12/09/2026 16:25
f28941e0-0351-4a7b-b6a3-c693e8ebd6dd,publicized.srl,available,31.99,31.99,high,low,10,namesilo,,,27/09/2026 08:05
285bd955-09df-421b-8c3b-b91c956b7580,anonym.srl,available,49.99,49.99,medium,low,6,name.com,,,19/09/2026 11:37
dd8e18bc-8b98-444c-afdb-fe7e2f92797d,excavation.srl,available,31.99,31.99,high,low,10,namesilo,,,20/09/2026 01:55
ad1219fe-7a60-40d2-a302-69e038910708,grabby.srl,available,31.99,31.99,medium,low,6,namesilo,,,07/08/2026 21:58
8af064d1-d87a-4318-84cc-548a1bc2210c,este.srl,premium,54.28,30.68,high,low,4,namesilo,,,29/09/2026 15:17
c2972fd9-e6d6-4c21-9b53-9344e7129ac4,anne.srl,available,31.99,31.99,high,low,4,namesilo,,,19/09/2026 10:11
f700a687-a90e-483f-a15f-48c552fd13dc,chairman.srl,available,31.99,31.99,high,low,8,namesilo,,,29/09/2026 07:55
e920c92d-4e8e-46aa-a2f5-31f587f2984e,arran.srl,available,31.99,31.99,medium,low,5,namesilo,,,01/10/2026 23:18
af818d80-20bd-4fe9-a344-c8826d30975c,subjects.srl,available,31.99,31.99,medium,low,8,namesilo,,,
fe8becce-b29a-4cce-825e-c8e69078fd28,aroma.srl,available,31.99,31.99,high,low,5,namesilo,,,20/09/2026 08:25
ba26ad52-7861-4b2d-b6bf-43077c6ae04c,jaipur.srl,available,31.99,31.99,high,low,6,namesilo,,,30/09/2026 20:47
3cea607b-73f6-4acf-ba93-dce6956f0164,suspicions.srl,available,31.99,31.99,low,low,10,namesilo,,,18/09/2026 08:04
877a3104-65eb-4067-9bec-9a6ba824c531,networks.srl,premium,54.28,30.68,high,low,8,namesilo,,,19/09/2026 17:41
8fb2216b-dcc7-41e5-9da7-0a844252956b,abloom.srl,available,31.99,31.99,medium,low,6,namesilo,,,
6e941942-e0e6-4efb-b090-ddcde2b14dc5,battery.srl,available,31.99,31.99,high,low,7,namesilo,,,20/09/2026 15:54
d7a8e7a5-291f-4b28-adae-a093a71be3ec,nonsocial.srl,available,,,medium,low,9,,,,03/09/2026 19:18
a9abd9b6-f72e-463f-872a-c62ad420cb9d,treason.srl,available,31.99,31.99,medium,low,7,namesilo,,,23/09/2026 11:25
0ecc38bb-7943-410b-8c90-21a3fd509c55,overage.srl,available,,,high,low,7,,,,04/09/2026 19:59
0bd7a8dd-de4f-452d-bbe3-7b1bb4d1d8b0,some.srl,available,31.99,31.99,high,low,4,namesilo,,,19/09/2026 12:35
ac03896b-c697-45a1-a90b-b6ab63d3e73f,download.srl,premium,50.74,28.91,high,low,8,porkbun,,,28/09/2026 06:58
303bae81-f611-4803-bab1-bcf3d36243d0,electronics.srl,available,31.99,31.99,high,low,11,namesilo,,,28/09/2026 17:13
2c9bfcd5-e557-4724-a059-621addb9b270,catoptric.srl,available,31.99,31.99,medium,low,9,namesilo,,,11/08/2026 22:12
734dcd84-a332-4bb0-b068-feab55175659,unleaded.srl,available,31.99,31.99,high,low,8,namesilo,,,22/08/2026 21:46
4e264781-38d0-4849-8cb7-1185b168a7ed,league.srl,premium,50.74,28.91,high,low,6,porkbun,,,30/09/2026 02:33
d7518a7a-8e38-46d3-80e0-0a89ab2e8612,desk.srl,available,31.99,31.99,high,low,4,namesilo,,,08/09/2026 08:30
b7b0fb6a-6bd4-4c31-9142-c5d0b576a0a6,petalous.srl,available,,,medium,low,8,,,,08/09/2026 18:15
dbe6dc68-d393-47c0-b2cc-e7ef3978b35c,kathleen.srl,available,31.99,31.99,high,low,8,namesilo,,,25/09/2026 14:34
b30e344f-79c6-4b74-9ca3-69c4cbf8e351,recklessly.srl,available,31.99,31.99,medium,low,10,namesilo,,,15/09/2026 22:49
a79d7b7d-7aa6-424f-a575-fea2a137cd50,translates.srl,available,31.99,31.99,medium,low,10,namesilo,,,30/09/2026 00:23
eaa7e380-9cec-417e-974b-41baa5c98e1d,arbalest.srl,available,31.99,31.99,medium,low,8,namesilo,,,20/09/2026 00:33
0fb385f4-a2e3-4629-a797-a214c1546ab6,perks.srl,available,31.99,31.99,high,low,5,namesilo,,,20/09/2026 14:58
4948dd4b-68df-4dfe-8eea-1e8a897665b2,mosses.srl,available,31.99,31.99,low,low,6,namesilo,,,29/09/2026 05:08
eb28308a-eb9d-45a5-a988-eb86b0f31877,regulated.srl,available,31.99,31.99,high,low,9,namesilo,,,09/09/2026 13:06
685c3974-f47d-47e7-b048-77431305eaf9,mothy.srl,available,31.99,31.99,low,low,5,namesilo,,,25/08/2026 07:14
4cce062d-0d01-4df0-b559-a2d4490136ba,arcus.srl,available,31.99,31.99,high,low,5,namesilo,,,20/09/2026 03:02
6f075abc-bff2-40c1-9f5f-1dcacd22fa59,monkfish.srl,available,31.99,31.99,medium,low,8,namesilo,,,18/09/2026 11:42
e248b7f0-6c16-470a-a3a1-4814c44c858c,edgewise.srl,available,31.99,31.99,medium,low,8,namesilo,,,14/09/2026 15:02
03b3a151-ad0e-498b-9c1d-ae8651b39f50,metallic.srl,available,31.99,31.99,high,low,8,namesilo,,,24/08/2026 21:34
87b98482-2165-46cb-9dab-5c64d952c94f,psychiatrist.srl,premium,54.28,30.68,high,low,12,namesilo,,,27/09/2026 16:44
4391dcef-0813-4ea7-a3f9-5df040bd2efe,frictional.srl,available,31.99,31.99,medium,low,10,namesilo,,,18/08/2026 15:28
79d69c77-070e-4a63-aa32-4d5d3b8d0cf6,stainable.srl,available,,,low,low,9,,,,10/09/2026 18:12
363b0520-c8c1-4493-a4fc-510888262c07,courses.srl,premium,54.28,30.68,high,low,7,namesilo,,,
65aa70ba-5552-4f27-ac9f-dd016525ae28,width.srl,available,31.99,31.99,high,low,5,namesilo,,,30/09/2026 03:06
8ba9db60-0772-4032-aff1-65df2488e621,dreadful.srl,available,31.99,31.99,high,low,8,namesilo,,,22/09/2026 15:15
c335c807-4981-4f9a-9cf5-43d472adca0d,knockout.srl,available,31.99,31.99,medium,low,8,namesilo,,,29/09/2026 04:50
8ded9b06-2e4b-40d7-9aa4-aa3e4d238633,achiever.srl,available,27.29,28.03,high,low,8,porkbun,,,28/09/2026 17:48
817d11f6-a0b7-4a6f-af67-ec70afa01229,athlete.srl,premium,54.28,30.68,high,low,7,namesilo,,,28/09/2026 22:57
89386fbe-96a5-4e7a-b266-ef138a8cf5a1,bivalvia.srl,available,31.99,31.99,medium,low,8,namesilo,,,23/09/2026 23:16
217db1aa-a557-4615-ad77-ad566f2be7be,racing.srl,premium,54.28,30.68,high,low,6,namesilo,,,30/09/2026 09:07
b5c995e1-656f-45aa-82c3-370e4fcaaf32,prewar.srl,available,31.99,31.99,medium,low,6,namesilo,,,09/09/2026 01:51
f507dc98-c978-4bdc-a825-029b6c706fef,doubting.srl,available,31.99,31.99,medium,low,8,namesilo,,,14/08/2026 17:01
92f6c8b5-5ce3-4a23-a389-58c776ce1a53,evansville.srl,available,31.99,31.99,medium,low,10,namesilo,,,28/09/2026 01:52
2d55b88d-ce19-489a-9de7-107d132e7db7,irritated.srl,available,31.99,31.99,medium,low,9,namesilo,,,
cd7de40f-a81e-4aa8-b6a6-c249c558aeda,marlowe.srl,available,31.99,31.99,medium,low,7,namesilo,,,28/09/2026 18:43
7997e0bc-f632-4480-afba-6065e0741cf0,agni.srl,available,31.99,31.99,medium,low,4,namesilo,,,17/09/2026 18:43
d7049a0a-451f-47e7-b594-be4ebc4d91d3,provoked.srl,available,31.99,31.99,medium,low,8,namesilo,,,09/09/2026 04:38
045eac77-3dd6-4568-bd28-2a6a3ab0acbe,boggy.srl,available,31.99,31.99,medium,low,5,namesilo,,,10/08/2026 17:01
470ce800-9410-44eb-a598-960ea0d61fe4,relatively.srl,available,31.99,31.99,medium,low,10,namesilo,,,28/09/2026 14:14
971d6012-dc9b-43a6-b59d-e1d6758bcb89,pained.srl,available,31.99,31.99,medium,low,6,namesilo,,,04/09/2026 01:26
0658457f-8244-4752-a8e8-6abe10c2c1a4,warmth.srl,available,31.99,31.99,high,low,6,namesilo,,,28/09/2026 11:06
716e049e-e3da-464c-aef6-21767ec069fb,intelligence.srl,premium,50.6,28.04,high,medium,12,dynadot,,,30/09/2026 21:03
bb63482d-cac3-497f-acca-b2f0bc8f4872,recreational.srl,available,31.99,31.99,high,low,12,namesilo,,,29/09/2026 10:15
7c661d27-fde2-4fb3-936a-558f4d3f3175,moments.srl,available,,,medium,low,7,,,,25/09/2026 20:25
d2ae351b-e2bd-4aec-a046-bc9f9aa94721,parkes.srl,available,28.04,28.04,medium,low,6,dynadot,,,29/09/2026 22:23
13ca5455-0340-497d-be76-c5de18665eb3,tighten.srl,available,27.29,28.03,high,low,7,porkbun,,,29/09/2026 14:16
8b52a1ad-b2aa-46e7-a237-d98798775feb,delivered.srl,available,,,medium,low,9,,,,25/09/2026 18:04
2ac66f7e-411a-40a4-aed4-4f32c7a34b4b,core.srl,premium,54.28,30.68,high,medium,4,namesilo,,,28/09/2026 15:06
0db548c4-2722-4f95-a7fe-281969962fcc,suckers.srl,available,28.04,28.04,medium,low,7,dynadot,,,30/09/2026 16:06
d69f8bf0-3cf2-4259-a955-dcd60e01ac31,applier.srl,available,31.99,31.99,medium,low,7,namesilo,,,19/09/2026 21:54
3507e52a-ef77-4f86-b297-cea5d4b4e036,foodservice.srl,premium,50.74,28.91,high,low,12,porkbun,,,02/10/2026 02:33
be9c88e4-3448-4b42-bef1-2026e11121cc,protocol.srl,available,31.99,31.99,high,low,8,namesilo,,,24/09/2026 16:37
a8831406-e60d-42fb-87ab-452a8c94fc7d,fetching.srl,available,31.99,31.99,high,low,8,namesilo,,,18/08/2026 02:20
c828af26-e5b8-4cf6-b2ee-13fb3795ce71,implementing.srl,available,31.99,31.99,medium,low,12,namesilo,,,01/10/2026 16:36
afd67adc-c81c-4c11-aca7-fdd28a5dea14,someplace.srl,available,31.99,31.99,high,low,9,namesilo,,,16/09/2026 04:51
5350fca2-644e-48c6-9b07-fac162d372a6,pha.srl,available,31.99,31.99,medium,low,3,namesilo,,,29/09/2026 21:39
44bf2f36-f5c9-428f-8bec-d8a670bc22fe,throats.srl,available,31.99,31.99,medium,low,7,namesilo,,,20/09/2026 08:21
cf7378a2-8284-44d8-be12-5df207cfe074,fellowships.srl,available,31.99,31.99,medium,low,11,namesilo,,,21/09/2026 08:52
73edcbc1-754a-4530-ade0-4eb2368d6198,mazda.srl,available,31.99,31.99,high,low,5,namesilo,,,28/09/2026 16:04
aa331141-1709-4be5-aabf-d476fb74afb5,agaricus.srl,available,31.99,31.99,medium,low,8,namesilo,,,17/09/2026 16:23
02de301b-67b2-492d-ba4f-f3af10d9560d,further.srl,available,31.99,31.99,high,low,7,namesilo,,,24/09/2026 17:03
eb1cb590-4e9d-4ab1-97ad-fb18565460d8,unripe.srl,available,49.99,49.99,medium,low,6,name.com,,,12/09/2026 18:30
3813e99b-0aeb-4c23-8d87-5cf3c6809ce9,checklist.srl,available,31.99,31.99,high,low,9,namesilo,,,29/09/2026 08:35
e623ae40-ecc0-4f60-90fa-8bdeb4396dc1,ornaments.srl,available,31.99,31.99,medium,low,9,namesilo,,,30/09/2026 13:57
10b92355-ec41-435d-8e5d-d83b82f980a7,crownless.srl,available,31.99,31.99,medium,low,9,namesilo,,,13/08/2026 08:38
43872e0d-0f87-4327-9e84-6b9812fc4d60,amour.srl,available,31.99,31.99,high,low,5,namesilo,,,17/09/2026 14:07
946399f5-6fad-4a93-b08d-375ab93eae0a,franchise.srl,available,,,high,low,9,,,,24/09/2026 21:02
271e12be-f456-4662-aafb-023fd159a949,adaptation.srl,available,31.99,31.99,high,low,10,namesilo,,,17/09/2026 06:27
af162cda-fdbe-4936-8ba1-5d7ea042cdde,summery.srl,available,31.99,31.99,high,low,7,namesilo,,,11/09/2026 01:38
2d7beb55-109f-4319-9197-f8f8d7fb128d,topic.srl,available,31.99,31.99,high,low,5,namesilo,,,28/09/2026 01:44
7faf61cd-e919-4733-82bf-bbdef1a9f9b1,republicans.srl,available,31.99,31.99,medium,low,11,namesilo,,,30/09/2026 06:30
9cbf94a1-81b7-46b8-aa5b-72bde7273de1,bellow.srl,available,31.99,31.99,medium,low,6,namesilo,,,23/09/2026 06:17
c8bd48c4-1533-4a81-aa05-8f6299e42b2d,geiger.srl,available,31.99,31.99,high,low,6,namesilo,,,01/10/2026 02:15
5d7a8aee-abe2-4856-bc2b-5b6fa7b114dc,martha.srl,available,28.04,28.04,high,low,6,dynadot,,,01/10/2026 00:59
241495c1-51e1-478c-a060-e58dc0722f4b,enclosed.srl,available,31.99,31.99,high,low,8,namesilo,,,16/08/2026 22:21
c454ea51-a30f-404c-9c1e-3243d8ceeb34,thoreau.srl,available,31.99,31.99,high,low,7,namesilo,,,29/09/2026 13:02
15bc33d8-9c76-40a2-86d2-0a5bc2c91b3f,pre.srl,available,31.99,31.99,high,low,3,namesilo,,,02/10/2026 02:30
a08b609f-d740-437f-86cc-328955908bf6,denys.srl,available,28.04,28.04,medium,low,5,dynadot,,,01/10/2026 08:46
8f60bfe3-c2dc-4cc8-9a09-d3e2bf32dc62,autarky.srl,available,31.99,31.99,medium,low,7,namesilo,,,21/09/2026 05:04
79a5abcd-a5f7-47ed-86b3-37ec7c9e859c,unburdened.srl,available,31.99,31.99,high,low,10,namesilo,,,11/08/2026 10:27
15fb2c6d-ea64-435b-aa01-e88185b1865b,afferent.srl,available,31.99,31.99,high,low,8,namesilo,,,
a76dab67-0bbb-426e-bbb7-41d0ec5a3a6f,hollow.srl,available,31.99,31.99,high,low,6,namesilo,,,21/08/2026 10:31
6c26abb5-7635-4197-9aa2-5853f73c14a0,revolt.srl,available,28.04,28.04,high,low,6,dynadot,,,29/09/2026 15:48
7eeb9d96-ca59-474e-996f-38e073820e2d,convenience.srl,available,28.04,28.04,high,low,11,dynadot,,,28/09/2026 07:18
f0fa686b-616d-4242-bd5e-1b74e72dbdbc,abscissa.srl,available,31.99,31.99,medium,low,8,namesilo,,,16/09/2026 17:32
10cb2eb4-9955-448f-9bba-683d5230b01b,gives.srl,available,31.99,31.99,medium,low,5,namesilo,,,18/09/2026 13:54
e00e5d6d-5545-4474-8423-1cb0f64f0139,adios.srl,premium,54.28,30.68,high,low,5,namesilo,,,28/09/2026 18:36
731a9f9b-fb2e-4742-ae8b-676f46b8749a,chromatic.srl,available,31.99,31.99,high,low,9,namesilo,,,12/08/2026 07:22
34b63df0-1178-4a82-be6f-68ea3a33bfd6,succession.srl,available,31.99,31.99,high,low,10,namesilo,,,29/09/2026 06:21
67fe1e46-7d15-4659-8dd6-7146340ab42c,teenage.srl,available,31.99,31.99,high,low,8,namesilo,,,11/09/2026 10:07
b3f9f8b2-b480-447f-8d3d-0975d47a333e,patrol.srl,available,31.99,31.99,high,low,6,namesilo,,,25/09/2026 23:57
1c912092-e3ab-4367-9beb-5b98252a76f3,thunderbolt.srl,available,28.04,28.04,high,low,11,dynadot,,,01/10/2026 05:34
c49d1dc5-0e41-4652-8717-c64e5c37e822,taurine.srl,available,31.99,31.99,medium,low,7,namesilo,,,11/09/2026 09:15
454241b4-82c5-4b42-ac3d-5fa15e09b106,conde.srl,available,31.99,31.99,medium,low,5,namesilo,,,29/09/2026 09:06
8aa9943e-835a-4cc7-8b47-fc78298df910,mature.srl,available,31.99,31.99,high,low,6,namesilo,,,24/09/2026 19:39
a71a0be3-e355-49a5-bdf7-e4209af51666,hilarious.srl,available,31.99,31.99,high,low,9,namesilo,,,21/08/2026 09:21
a94f97cc-51e9-4f86-99ca-0c0a638117fd,moonlight.srl,available,31.99,31.99,high,low,9,namesilo,,,30/09/2026 05:14
d875cda4-dd47-4767-887a-ac60875370f7,demosthenes.srl,available,31.99,31.99,medium,low,11,namesilo,,,01/10/2026 09:49
970845cf-1be5-4adf-b9ad-ea1d047e5c0f,weirdly.srl,available,31.99,31.99,medium,low,7,namesilo,,,16/09/2026 11:23
5ce16ad0-53ec-4580-9aec-f10cf4e38754,highest.srl,available,31.99,31.99,medium,low,7,namesilo,,,25/09/2026 16:49
8621e352-8c46-4194-b8e1-8d0a542f328c,antisocial.srl,available,31.99,31.99,medium,low,10,namesilo,,,05/08/2026 19:39
655965d2-75dd-4601-a0b3-4840daae389d,diversify.srl,available,31.99,31.99,high,low,9,namesilo,,,30/09/2026 16:21
3eebe3ba-c001-4584-b560-994c4965eed0,heist.srl,available,31.99,31.99,medium,low,5,namesilo,,,20/09/2026 06:36
d2e717e4-963c-4d06-834f-ce4ccc818cbb,duplicate.srl,available,31.99,31.99,high,low,9,namesilo,,,24/09/2026 11:48
7d6d8da2-bd85-43cf-9c4e-ba70f05bf07d,bases.srl,available,49.99,,medium,low,5,name.com,,,17/09/2026 21:42
d84206dc-bf83-4e13-81c2-a78c8b51fac8,redberry.srl,available,31.99,31.99,medium,low,8,namesilo,,,17/09/2026 04:20
a1b47631-3d41-4fb4-b3ab-74bd3e4e85d8,queens.srl,available,28.04,28.04,high,low,6,dynadot,,,30/09/2026 09:00
53d26906-e14a-4002-b592-51dada518287,execrable.srl,available,31.99,31.99,medium,low,9,namesilo,,,
ed2c8bf4-a907-4b08-a5ff-02fb5411c63d,berceuse.srl,available,31.99,31.99,high,low,8,namesilo,,,23/09/2026 09:10
38003b95-cc16-4a9b-9bcd-62e207a055ee,bombastic.srl,available,49.99,49.99,high,low,9,name.com,,,10/08/2026 18:01
22f7d330-cd55-4e38-bc09-6c0d299cfd03,horsehead.srl,available,31.99,31.99,medium,low,9,namesilo,,,20/09/2026 21:40
ba14c76e-439e-4d92-9d05-76ea33427c31,would.srl,premium,50.74,28.91,high,low,5,porkbun,,,30/09/2026 21:57
15608b97-c969-401b-b487-ac7c50735b0a,aluminous.srl,available,31.99,31.99,medium,low,9,namesilo,,,
67b36a0f-55d7-4907-8ff4-a4639b856a24,birthrate.srl,available,,,medium,low,9,,,,23/09/2026 20:56
efe675e6-555f-4b14-b2ac-dd82d64046af,bridal.srl,available,31.99,31.99,high,low,6,namesilo,,,11/08/2026 03:53
68fd3468-b79f-4167-b4a8-694c41a3fc7a,abenaki.srl,available,31.99,31.99,medium,low,7,namesilo,,,
b42c89aa-8284-4522-990d-a7f99ce1d04e,disbelief.srl,available,31.99,31.99,high,low,9,namesilo,,,24/09/2026 22:29
09116635-d941-4e51-b57d-fd4f545fa806,philippi.srl,available,31.99,31.99,medium,low,8,namesilo,,,22/09/2026 15:38
32d15c9e-4e66-4e55-bd82-151daaca4899,thriller.srl,available,31.99,31.99,high,low,8,namesilo,,,29/09/2026 14:04
a96b0bfc-237d-4520-8958-39fae8bfe91f,marche.srl,premium,54.28,30.68,high,low,6,namesilo,,,29/09/2026 13:23
5c26d034-d122-41e9-a258-6f361aa7a7fb,overhead.srl,available,31.99,31.99,high,low,8,namesilo,,,26/09/2026 03:30
33594fc2-8cd3-4c0d-9a22-87ba1937e868,determined.srl,available,31.99,31.99,high,low,10,namesilo,,,24/09/2026 07:38
60a3d5fd-5b37-4eec-8a6e-42e68570ca29,aldo.srl,available,31.99,31.99,high,low,4,namesilo,,,29/09/2026 04:10
66316a51-9c20-4720-af61-16ed5104c48a,brenda.srl,available,31.99,31.99,medium,low,6,namesilo,,,25/09/2026 15:27
7c8f6b88-920d-4197-8980-27e362333af6,unwilling.srl,available,31.99,31.99,medium,low,9,namesilo,,,12/09/2026 22:40
5d672b5e-d5c8-4e74-9a0b-f9ef8a54a620,required.srl,available,49.99,49.99,high,low,8,name.com,,,23/09/2026 18:27
f5e15091-85e1-488c-9928-e9318c823c17,undersexed.srl,available,31.99,31.99,medium,low,10,namesilo,,,12/09/2026 07:31
9b450a09-75f4-47b6-b9ea-9fc871530198,adhocracy.srl,available,31.99,31.99,medium,low,9,namesilo,,,17/09/2026 08:02
1ad89e1b-1a0b-4847-b8e3-906109cbd014,spilled.srl,available,31.99,31.99,low,low,7,namesilo,,,28/09/2026 23:49
10d9cc9a-32fa-4be8-865e-85fed2e3b236,benzene.srl,available,31.99,31.99,high,low,7,namesilo,,,23/09/2026 08:52
685604b5-03f2-4259-bea9-08fe47d73eb8,public.srl,premium,54.28,30.68,high,medium,6,namesilo,,,27/09/2026 08:01
b0b6bd0d-3605-4bb0-bf57-ef25463ea1b1,heightened.srl,available,27.29,28.03,high,low,10,porkbun,,,29/09/2026 21:14
ea426ea8-3111-4053-ab83-11ccf2b51666,annabelle.srl,available,31.99,31.99,medium,low,9,namesilo,,,02/10/2026 02:04
45cd06b3-b9d0-40e1-8f7d-eb933ff299d3,gain.srl,available,31.99,31.99,high,low,4,namesilo,,,23/09/2026 07:57
60bf0e26-ae1b-47db-bc1b-348b53342516,armless.srl,available,49.99,49.99,medium,low,7,name.com,,,06/08/2026 19:54
2b376ab2-1622-4fd7-8485-a274905ed0bb,unthinking.srl,available,31.99,31.99,medium,low,10,namesilo,,,24/08/2026 11:16
9b6eae79-62d7-43dc-8eb1-0744f4f9ba9a,inflexible.srl,available,31.99,31.99,medium,low,10,namesilo,,,22/08/2026 04:32
41f65143-62d8-4709-9e15-25f3992d7342,nth.srl,available,31.99,31.99,medium,low,3,namesilo,,,03/09/2026 12:35
6bb196e5-ea11-45d2-b596-47acb454bee3,eighter.srl,available,31.99,31.99,medium,low,7,namesilo,,,
8f8d3191-f93b-4ae4-a7b9-ee49573b632e,obsolete.srl,available,31.99,31.99,medium,low,8,namesilo,,,14/08/2026 13:30
d8c0aec1-341b-4673-a19e-536181e156ee,transeunt.srl,available,,,medium,low,9,,,,11/09/2026 18:53
db299d9f-9eb9-4bdf-bfe5-5593bab4a1ff,willow.srl,available,31.99,31.99,high,low,6,namesilo,,,30/09/2026 14:43
e3233dca-dc63-4f92-92e1-894c7a97020d,expandable.srl,available,49.99,49.99,high,low,10,name.com,,,17/08/2026 17:51
04b889f4-a8f4-4f78-a7d1-80cff3c254f7,discovered.srl,available,31.99,31.99,high,low,10,namesilo,,,29/09/2026 09:22
acf2a46d-9980-409c-800a-7379bf8adc30,lamps.srl,premium,50.74,28.91,medium,low,5,porkbun,,,29/09/2026 11:04
23ade65c-ecc4-4e58-9300-664fc1d45ec6,landwards.srl,available,31.99,31.99,medium,low,9,namesilo,,,15/09/2026 10:41
fe47d5a4-ca0b-438c-8776-07d4b338bcd1,asher.srl,available,31.99,31.99,high,low,5,namesilo,,,30/09/2026 04:20
9db0366a-6bea-49e4-b01b-10f1716330fc,suntan.srl,available,31.99,31.99,high,low,6,namesilo,,,11/09/2026 07:52
7fb119fc-0a24-4ae9-88cd-0811b9e01e27,dirichlet.srl,available,31.99,31.99,medium,low,9,namesilo,,,01/10/2026 23:42
3ba7d073-6e5e-4acc-a671-ad14a512a075,predilection.srl,available,31.99,31.99,high,low,12,namesilo,,,
5054caa9-a55b-495e-9db1-737267a92672,angels.srl,available,,,high,medium,6,,,,25/09/2026 20:48
fbd8ebf3-485d-4523-b290-0379bb0cce5b,proclaiming.srl,available,27.29,28.03,high,low,11,porkbun,,,01/10/2026 23:56
de9b5810-6eae-4e70-b214-69709f27dfd3,brandt.srl,available,28.04,28.04,high,low,6,dynadot,,,27/09/2026 11:47
23eded3d-e423-40b0-ab6f-f4a2926e592b,stalk.srl,available,31.99,31.99,high,low,5,namesilo,,,19/09/2026 07:14
365c4b65-41ff-48b7-930e-a57ec96cfd25,admire.srl,available,31.99,31.99,high,low,6,namesilo,,,28/09/2026 03:18
14c42b33-2e47-4c67-ab91-49639e3b4106,cosmetic.srl,available,31.99,31.99,high,low,8,namesilo,,,24/09/2026 00:13
87ca1d2f-ff94-453d-975e-f13240616ca8,backlog.srl,available,31.99,31.99,high,low,7,namesilo,,,21/09/2026 15:41
8d415541-ac01-4abb-935d-2c15ed2412d1,under.srl,premium,50.74,28.91,high,low,5,porkbun,,,28/09/2026 09:43
425d1212-7a95-4cf1-981b-47dab6acd325,shaggy.srl,available,31.99,31.99,medium,low,6,namesilo,,,11/08/2026 11:17
a4b90af2-deb4-44df-afce-9bef95bd9bbf,tiny.srl,available,31.99,31.99,high,medium,4,namesilo,,,22/09/2026 17:13
7f6bd4d2-0c4b-43cb-b77a-8da7d36d1e29,fed.srl,available,31.99,31.99,high,low,3,namesilo,,,25/09/2026 22:43
8a11aa70-9331-477d-9769-73e216704276,iaa.srl,available,31.99,31.99,medium,low,3,namesilo,,,17/09/2026 07:22
e1471592-b609-4809-82dd-cbb9753a4742,clear.srl,available,31.99,31.99,high,medium,5,namesilo,,,21/09/2026 14:46
1f2ff0e6-46f6-4784-9212-5561077843bd,juice.srl,available,31.99,31.99,high,low,5,namesilo,,,30/09/2026 01:04
38a9bf7d-6822-48b6-a3c8-c270416e1d6b,shrimp.srl,available,31.99,31.99,high,low,6,namesilo,,,29/09/2026 22:02
00d2c12a-5a50-43d1-94a1-781dcceb599f,unbalanced.srl,available,31.99,31.99,medium,low,10,namesilo,,,11/08/2026 01:50
94e75689-3c09-4fce-ac91-7985f8baeba8,silent.srl,available,31.99,31.99,high,low,6,namesilo,,,25/09/2026 22:10
eddbcf46-90be-45dd-9037-7509f18e47a0,nassau.srl,available,31.99,31.99,high,low,6,namesilo,,,29/09/2026 07:05
903b3507-81f0-41b4-b8ce-46ae2736a797,parametric.srl,available,31.99,31.99,high,low,10,namesilo,,,08/09/2026 01:01
2e80f77f-9e40-4a5b-838c-9a7bf1f30c46,chopped.srl,available,31.99,31.99,high,low,7,namesilo,,,12/08/2026 06:57
73617446-4524-412e-a5c5-e3e808a698ae,pathology.srl,available,31.99,31.99,medium,low,9,namesilo,,,29/09/2026 01:49
ed1b6ea7-16be-4853-86f3-9f8c61228910,scheduled.srl,available,31.99,31.99,high,low,9,namesilo,,,27/09/2026 18:26
0c448920-c38a-4cad-9d36-b1df60cc9040,caesarea.srl,available,31.99,31.99,medium,low,8,namesilo,,,30/09/2026 08:53
558fa221-b10a-408a-b999-b3042bd59d4f,dabbler.srl,available,31.99,31.99,medium,low,7,namesilo,,,14/08/2026 07:42
b96bf23f-849c-42f9-a9c7-be544a196346,revolves.srl,available,31.99,31.99,medium,low,8,namesilo,,,02/10/2026 03:02
9012026a-999e-40cb-af0e-61d8fac9e630,nursery.srl,available,31.99,31.99,high,low,7,namesilo,,,24/09/2026 23:01
9349dc1a-1834-4363-8489-adb7d1d82a1f,penrose.srl,available,31.99,31.99,medium,low,7,namesilo,,,29/09/2026 04:22
2981cdd8-e77f-40d6-830f-b8382c6ef3e6,admittedly.srl,available,,,medium,low,10,,,,11/09/2026 20:31
07ceaecf-7bb6-4838-990e-ce0500d46a1c,bidder.srl,available,31.99,31.99,high,low,6,namesilo,,,23/09/2026 13:43
d08e84b1-649d-40bf-be68-09b1d1394f41,treelike.srl,available,31.99,31.99,medium,low,8,namesilo,,,06/08/2026 14:01
3da26cb2-68ac-4c69-899d-9fc2fbe58cf5,cosily.srl,available,31.99,31.99,medium,low,6,namesilo,,,14/09/2026 08:50
0266d0e1-f9b1-4470-a290-0f90d685cff2,minor.srl,available,31.99,31.99,high,low,5,namesilo,,,25/09/2026 20:28
b213637e-0ffe-423b-ba45-662ec9601880,persist.srl,premium,50.6,28.04,high,low,7,dynadot,,,30/09/2026 03:13
29956c45-6630-4990-987e-3ba05a684469,biplane.srl,available,49.99,49.99,high,low,7,name.com,,,23/09/2026 19:18
f45f557b-8fcb-483b-9b65-0972f0bf8718,distal.srl,available,31.99,31.99,medium,low,6,namesilo,,,14/08/2026 13:03
d06e9172-73e3-4f25-9db1-8525468fd18b,breakaway.srl,available,31.99,31.99,high,low,9,namesilo,,,11/08/2026 03:01
6e500f19-d268-49cc-9633-861d567583c8,cancun.srl,available,31.99,31.99,high,low,6,namesilo,,,24/09/2026 12:01
0afdbc0b-c51f-4dfa-9f37-991142092c4c,foundation.srl,available,,,high,low,10,,,,24/09/2026 18:15
8719bf86-5d46-44cc-abf5-b97d7bcf4d38,fledgling.srl,available,31.99,31.99,medium,low,9,namesilo,,,11/08/2026 14:45
8c29000e-dbe8-49f5-a3de-00b19bd478e1,relationships.srl,premium,57.5,,medium,low,13,name.com,,,17/09/2026 20:15
f55dc3e6-f7e8-4d54-9a19-5a56302a461b,administer.srl,available,31.99,31.99,high,low,10,namesilo,,,29/09/2026 14:10
f5a6f1cf-e1b9-4473-84c3-fdada8a59c77,earning.srl,available,31.99,31.99,medium,low,7,namesilo,,,28/09/2026 13:27
9f75fa5c-9320-4eaf-bef0-158d1a9437a2,autism.srl,available,31.99,31.99,high,low,6,namesilo,,,21/09/2026 05:28
c70c6d11-41a2-46dd-8b15-5c0b74950259,tajik.srl,available,31.99,31.99,high,low,5,namesilo,,,01/10/2026 03:29
9081feb6-1e28-4dfe-ba66-efe92a059c01,office.srl,premium,54.28,30.68,high,medium,6,namesilo,,,30/09/2026 11:50
2038737d-eb60-4cfc-8718-30ac6dd38cc2,pigeons.srl,available,31.99,31.99,medium,low,7,namesilo,,,20/09/2026 07:08
ee1ac68a-9de7-4217-a380-18570555d000,swagman.srl,available,31.99,31.99,medium,low,7,namesilo,,,11/09/2026 05:01
10b7ade9-83b3-4fa1-8275-e8edca82174b,aslant.srl,available,31.99,31.99,medium,low,6,namesilo,,,07/08/2026 03:56
7ef1c9c1-56ae-47f8-8f71-109bc71ef840,derwent.srl,available,31.99,31.99,medium,low,7,namesilo,,,01/10/2026 11:45
236494f6-fab8-497b-9f4d-dd7429519387,hibernal.srl,available,31.99,31.99,medium,low,8,namesilo,,,11/08/2026 06:38
b1c1198a-0a0a-4ff7-866e-bc3b92df352a,analecta.srl,available,31.99,31.99,medium,low,8,namesilo,,,19/09/2026 01:47
38a4b589-b121-4ba7-b181-c69cbf2f4e07,scads.srl,available,31.99,31.99,high,low,5,namesilo,,,14/09/2026 23:36
88d90082-7fc8-46b3-aa8b-b79a506197bb,neotenous.srl,available,31.99,31.99,medium,low,9,namesilo,,,03/09/2026 15:33
5784cb83-4447-4b9d-b23c-f370df132d42,ascendency.srl,available,31.99,31.99,high,low,10,namesilo,,,20/09/2026 13:06
6b32fa97-d931-477c-bf97-c15e4deed51b,enthralled.srl,available,31.99,31.99,medium,low,10,namesilo,,,09/08/2026 10:06
b80e154b-9084-4f2f-b02a-12ce639c314e,tomatoes.srl,available,27.29,28.03,medium,low,8,porkbun,,,28/09/2026 12:33
55873321-ded8-4c5f-9cea-77fd726d22af,bureaucrat.srl,available,31.99,31.99,high,low,10,namesilo,,,17/09/2026 08:44
f2547ef2-599d-43b1-ba32-ed5f7286b2be,stephenson.srl,available,31.99,31.99,high,low,10,namesilo,,,25/09/2026 06:30
2889c513-bf77-4434-9626-99b0308ddeca,seduction.srl,available,28.04,28.04,high,low,9,dynadot,,,30/09/2026 11:00
4d015bee-e7f0-4201-b351-5c2950efa164,apnea.srl,available,,,medium,low,5,,,,19/09/2026 18:04
55d47bd6-a846-452d-9ca2-7db381b4617b,peep.srl,available,31.99,31.99,high,low,4,namesilo,,,24/09/2026 14:07
b9b4b651-daf3-474a-97b9-5260455def9c,trunk.srl,available,31.99,31.99,high,low,5,namesilo,,,21/09/2026 07:24
4695ba32-21ed-4705-88eb-25ae439de7ba,janice.srl,available,28.04,28.04,high,low,6,dynadot,,,27/09/2026 19:53
4121683a-36a9-42cf-b60a-ad2b24229642,deniable.srl,available,31.99,31.99,medium,low,8,namesilo,,,14/08/2026 01:50
576b06a2-b1b8-41cd-a9c7-bffd279ec29f,norris.srl,available,31.99,31.99,high,low,6,namesilo,,,23/09/2026 08:18
94ef8096-baab-467f-81ab-6af5c29a3d9e,beelzebub.srl,available,31.99,31.99,medium,low,9,namesilo,,,23/09/2026 01:23
5ddbec40-43c4-49c2-aac7-ac61e9f7eeb5,apiece.srl,available,31.99,31.99,medium,low,6,namesilo,,,14/08/2026 22:12
ea2986cf-4f1f-4c7d-914e-c16b578f6da4,harmed.srl,available,27.29,28.03,medium,low,6,porkbun,,,29/09/2026 23:42
acabdd9d-b796-4e09-8599-e96fdcbe2a35,yerevan.srl,available,31.99,31.99,medium,low,7,namesilo,,,29/09/2026 11:51
f58b37fe-6a79-4d63-bb4b-45f38a9afacd,chanting.srl,available,28.04,28.04,high,low,8,dynadot,,,28/09/2026 18:40
5725bfe5-18a8-4388-aad1-faf1b68c191a,promoter.srl,available,31.99,31.99,high,low,8,namesilo,,,29/09/2026 23:36
39dadd9b-7c7c-4d79-b2a3-cdcff038286f,grieve.srl,available,28.04,28.04,medium,low,6,dynadot,,,01/10/2026 21:44
68cdbd8b-43d2-4c91-bab8-8525966f73c9,aptitude.srl,available,49.99,49.99,high,low,8,name.com,,,19/09/2026 22:41
bdd75ae7-1614-4e04-b89c-2babeaf4a992,hollo.srl,available,31.99,31.99,high,low,5,namesilo,,,23/09/2026 06:22
44bd4cb0-ea03-4633-a2b6-54052dcc0261,benignly.srl,available,31.99,31.99,medium,low,8,namesilo,,,13/09/2026 23:51
c8bb7e23-a423-4df5-b20f-4c79fa3ab5ff,basotho.srl,available,31.99,31.99,medium,low,7,namesilo,,,22/09/2026 11:35
a20c90f6-f4e9-4ff2-bd13-5631e002c872,spic.srl,available,31.99,31.99,medium,low,4,namesilo,,,21/08/2026 20:44
5d21a04b-b91d-4a9e-b7f1-a6d1a1900c3c,pocket.srl,premium,50.74,28.91,high,medium,6,porkbun,,,28/09/2026 19:35
24f263ee-8acc-4812-98a4-44a7e8a62bd5,yankees.srl,available,31.99,31.99,high,medium,7,namesilo,,,28/09/2026 05:11
83202658-4672-4283-a815-9c33c7d6e1a4,backslider.srl,available,31.99,31.99,medium,low,10,namesilo,,,21/09/2026 15:58
20083fd9-4b9b-4a99-ba28-33423a01e9e0,holley.srl,available,28.04,28.04,medium,low,6,dynadot,,,30/09/2026 05:26
d3821de3-62e7-4562-8843-d1aee54be96e,bliss.srl,premium,54.28,30.68,high,medium,5,namesilo,,,24/09/2026 06:14
33a525f8-0d0e-41d8-a666-d05075672215,contributing.srl,available,31.99,31.99,medium,low,12,namesilo,,,30/09/2026 05:48
b60d52e7-42fb-4b6c-b5f9-4129ad56f5c1,hump.srl,available,31.99,31.99,medium,low,4,namesilo,,,24/09/2026 11:03
26732d1a-6e9d-4327-86aa-22593094954c,replacement.srl,available,31.99,31.99,high,low,11,namesilo,,,
2db5339a-3343-4eb1-bf00-5b687eba4aec,dijon.srl,available,31.99,31.99,high,low,5,namesilo,,,24/09/2026 22:19
478c3f7d-1758-4a15-bb9e-334f2bb30bae,ladylike.srl,available,31.99,31.99,high,low,8,namesilo,,,22/08/2026 18:38
4a3349c5-592a-4f14-ba60-af04f038f7ae,smartphones.srl,available,31.99,31.99,high,low,11,namesilo,,,30/09/2026 07:44
b9877791-0616-49f6-9f09-8eba994bd56d,francs.srl,available,31.99,31.99,medium,low,6,namesilo,,,28/09/2026 13:09
f3b8c34e-1cbb-4c03-8bed-9733d05b1c3b,abdallah.srl,available,31.99,31.99,medium,low,8,namesilo,,,29/09/2026 21:48
3e6314f3-8e2a-4f86-9f51-83e5cecd6599,implant.srl,available,31.99,31.99,high,low,7,namesilo,,,29/09/2026 13:06
0aa2bebe-7a76-4521-a516-1e1d9124cde1,hpa.srl,available,31.99,31.99,medium,low,3,namesilo,,,30/09/2026 20:42
71ddf713-26d9-4228-91a2-faaab0c0dc6e,hunch.srl,available,31.99,31.99,high,low,5,namesilo,,,30/09/2026 10:11
84741542-b3f7-4323-8a88-53a417676725,diagnostics.srl,available,28.04,28.04,high,low,11,dynadot,,,02/10/2026 01:39
f8827f88-6a22-43d8-a59c-864fe40d251b,hamburger.srl,available,27.29,28.03,high,low,9,porkbun,,,29/09/2026 01:50
eff9cbee-d8d4-41ac-bc2d-e034c8febf07,sulky.srl,available,31.99,31.99,medium,low,5,namesilo,,,20/08/2026 14:46
396cd409-b356-4c3c-9112-61975e0b5acd,uboat.srl,available,31.99,31.99,medium,low,6,namesilo,,,11/09/2026 00:23
274a1579-5986-4a6f-afc4-6b7e9ad5e04a,instincts.srl,available,27.29,28.03,low,low,9,porkbun,,,28/09/2026 17:50
d1932643-6969-4a9c-9ae7-ad9cb2325499,safeguard.srl,available,28.04,28.04,high,low,9,dynadot,,,29/09/2026 20:02
90190734-32f6-463c-adb0-be305271c267,twenties.srl,available,31.99,31.99,high,low,8,namesilo,,,16/09/2026 12:09
40fe3b43-ccf1-42a2-a2a2-8e7ce3b3f710,bimbo.srl,available,31.99,31.99,medium,low,5,namesilo,,,23/09/2026 16:54
a9fadbec-fe71-48fe-9201-5bd1e0c25813,nipples.srl,available,31.99,31.99,low,low,7,namesilo,,,01/10/2026 00:30
9eb44d79-b1e7-460f-ae6a-d3ca728e0064,harare.srl,available,31.99,31.99,medium,low,6,namesilo,,,24/09/2026 12:36
60066d6c-3336-423b-bc1a-81a402a6c7e7,mcdaniel.srl,available,31.99,31.99,medium,low,8,namesilo,,,29/09/2026 04:34
28d5035f-e7ee-4071-ae45-1af0e022c0b7,polydactyl.srl,available,31.99,31.99,medium,low,10,namesilo,,,08/09/2026 23:13
ee77e8dd-59be-4a50-bbd1-ff0d539be088,expresses.srl,available,31.99,31.99,medium,low,9,namesilo,,,30/09/2026 23:32
ae9ff493-943c-4a00-a8dd-97f0d810a4e1,botchy.srl,available,49.99,49.99,medium,low,6,name.com,,,10/08/2026 20:53
735d4999-393c-4524-b5ed-594a4e8e2a84,mutations.srl,available,28.04,28.04,medium,low,9,dynadot,,,30/09/2026 16:14
54380ef5-45a0-482c-943a-7dc4c0e4bea1,vendable.srl,available,49.99,49.99,high,low,8,name.com,,,24/08/2026 20:30
1b94b018-ac14-4da5-840b-d2b5c0ce8c11,burner.srl,available,27.29,28.03,high,low,6,porkbun,,,29/09/2026 11:49
3520e703-92ac-4199-87a2-f30d61a55b14,taxpayer.srl,available,27.29,28.03,high,low,8,porkbun,,,30/09/2026 18:53
65ae0c37-8a03-4824-927c-073bf2c7e67c,closet.srl,available,31.99,31.99,high,low,6,namesilo,,,24/09/2026 15:59
404b1d15-5514-4ecd-ae51-ec1852a058cf,confide.srl,available,27.29,28.03,high,low,7,porkbun,,,30/09/2026 17:46
f07ec009-c8a7-459a-bc83-a3e4b978c376,regiment.srl,available,27.29,28.03,high,low,8,porkbun,,,28/09/2026 20:17
b4ce220b-9ba1-4757-be82-92ea5849facf,sulu.srl,available,28.04,28.04,high,low,4,dynadot,,,30/09/2026 20:01
f1386a3d-ad0d-451f-b607-1d2eced420bd,midwest.srl,available,31.99,31.99,high,low,7,namesilo,,,29/09/2026 07:37
499e953d-ea7e-488e-b611-ad6faba1ad1b,edo.srl,available,31.99,31.99,high,low,3,namesilo,,,28/09/2026 01:23
77f2d65b-29b4-4bb0-9873-d7e184289af3,mps.srl,available,31.99,31.99,high,low,3,namesilo,,,27/09/2026 04:47
85da9a52-aa3d-40c6-be51-dea1314d6350,hazy.srl,available,31.99,31.99,medium,low,4,namesilo,,,10/08/2026 16:22
4ffaac35-a955-4282-b8cd-7499477b53d5,chill.srl,available,31.99,31.99,high,low,5,namesilo,,,23/09/2026 23:04
b62b875a-2115-4816-9f22-561ffaf01e6d,umayyad.srl,available,28.04,28.04,high,low,7,dynadot,,,30/09/2026 18:14
165b79b3-c323-44d0-869d-f4a39cf067da,wooded.srl,available,31.99,31.99,high,low,6,namesilo,,,13/09/2026 13:11
5709567d-55dd-4eb3-a058-cff7d93c9da9,pabulum.srl,available,49.99,49.99,medium,low,7,name.com,,,12/08/2026 18:49
408e15ac-8002-43cd-8bf0-ddd8cb8f50c5,livingstone.srl,available,27.29,28.03,high,low,11,porkbun,,,28/09/2026 04:32
db3b15c4-6230-45da-af6f-2a3d561cf58b,shoot.srl,available,27.29,28.03,high,low,5,porkbun,,,01/10/2026 20:21
ec8675d5-b7eb-42af-a0c8-338264d83e94,lingual.srl,available,31.99,31.99,high,low,7,namesilo,,,23/08/2026 15:07
e0c87856-c5f6-4251-a5fd-bcf1e3d2997a,agencies.srl,available,31.99,31.99,medium,low,8,namesilo,,,28/09/2026 23:07
145b9e31-cec9-45b1-bd3b-681f9259dc16,inflation.srl,available,28.04,28.04,high,low,9,dynadot,,,29/09/2026 07:21
53a247a8-decd-4b87-9af7-1cce4238517f,wealthily.srl,available,31.99,31.99,medium,low,9,namesilo,,,16/09/2026 11:21
639178d7-7d9f-42ec-b3cf-bd40a0ed5de7,teaching.srl,premium,54.28,30.68,high,low,8,namesilo,,,01/10/2026 22:16
59dec3ed-53da-4d6c-9e18-3e6156b5292b,pistol.srl,available,31.99,31.99,high,low,6,namesilo,,,27/09/2026 04:22
46a239bc-eee8-4e99-9a37-1016a2b40bf7,acanthus.srl,available,,,medium,low,8,,,,16/09/2026 21:02
bcf88eec-7e9b-46cc-9b77-d3a66cf902a6,kiss.srl,available,31.99,31.99,high,low,4,namesilo,,,29/09/2026 05:31
b9a80ce4-2f1c-4ad5-9f03-5b0f21d427e6,columbian.srl,available,49.99,49.99,medium,low,9,name.com,,,12/08/2026 18:12
17583c2b-252d-40bf-a222-4fd463012f20,tracker.srl,available,31.99,31.99,high,low,7,namesilo,,,30/09/2026 03:03
3b7e2d5b-859a-4542-9160-feb01afa16ba,fazed.srl,available,49.99,49.99,medium,low,5,name.com,,,10/08/2026 21:00
152089e0-d325-4d94-97da-1c38056765d5,proofs.srl,available,31.99,31.99,medium,low,6,namesilo,,,18/09/2026 06:55
4162124a-d7d9-4d3e-9bfc-05c224f33acd,demons.srl,available,31.99,31.99,low,low,6,namesilo,,,25/09/2026 21:42
aa6c170b-5834-4828-81b4-390b7b172b92,handbag.srl,available,27.29,28.03,high,low,7,porkbun,,,01/10/2026 19:55
02e3998b-4939-4d85-a303-35a5eeae8045,granola.srl,available,28.04,28.04,high,low,7,dynadot,,,29/09/2026 21:28
b497b7a4-8fbc-4489-94fe-b65519e1e9d2,printable.srl,available,31.99,31.99,high,low,9,namesilo,,,27/09/2026 05:59
0df3473c-c29e-4846-a2a0-2606ec5c9b77,offroader.srl,available,31.99,31.99,medium,low,10,namesilo,,,18/09/2026 09:00
751e7b93-ea05-4435-95d2-62bc09b9b4e3,pits.srl,available,31.99,31.99,low,low,4,namesilo,,,28/09/2026 23:33
96a3946f-a964-43dc-97ea-9319cb2e8de5,barns.srl,available,31.99,31.99,medium,low,5,namesilo,,,20/09/2026 22:46
cd1b6166-38a5-42fc-9eda-1e7cc313e8b3,fractions.srl,available,31.99,31.99,medium,low,9,namesilo,,,20/09/2026 01:27
4545cc6d-7ea1-4b40-ae70-79239d28de2c,gratitude.srl,available,27.29,28.03,high,low,9,porkbun,,,29/09/2026 21:31
b85929d5-b4ea-4c3e-9d99-18785b05d499,abilities.srl,available,31.99,31.99,high,low,9,namesilo,,,17/09/2026 04:45
79a68beb-e72d-4019-bdd6-c11e5f501484,shining.srl,available,31.99,31.99,high,low,7,namesilo,,,23/09/2026 11:49
fe03e04d-4151-44ad-b031-e171e627663b,commercially.srl,available,28.04,28.04,high,low,12,dynadot,,,01/10/2026 21:28
420c3a94-6645-4f13-918d-c63ab59d558e,isl.srl,available,31.99,31.99,high,low,3,namesilo,,,02/10/2026 00:03
e1a81d42-9877-41e6-ac64-f2c27801a7fd,untasted.srl,available,,,medium,low,8,,,,12/09/2026 21:05
51459b1d-7c9d-4610-a2dd-21403f498ef5,wanna.srl,available,31.99,31.99,high,low,5,namesilo,,,26/09/2026 00:48
9c162ba8-e532-43fc-bd3d-95cf31f201a1,artois.srl,available,31.99,31.99,medium,low,6,namesilo,,,20/09/2026 12:02
3997001b-0e0a-4000-9eff-5d5293e4b4c9,oil.srl,available,31.99,31.99,high,low,3,namesilo,,,24/09/2026 02:16
cd5fde8a-0233-4993-ab18-a16b62c5c04f,partisan.srl,available,31.99,31.99,high,low,8,namesilo,,,08/09/2026 02:07
262e285d-2a5b-4cfc-bb17-807236dd8e1c,kush.srl,available,31.99,31.99,high,low,4,namesilo,,,02/10/2026 00:37
747c41ea-227c-4624-a8c2-ac424a7b1d9d,ignacio.srl,available,31.99,31.99,medium,low,7,namesilo,,,28/09/2026 08:56
4737d1d9-100a-41e1-aeac-79594bb950f2,outlawed.srl,available,31.99,31.99,medium,low,8,namesilo,,,21/08/2026 19:52
87f91c67-848a-429d-8d5d-0bc7643485d5,disorder.srl,available,31.99,31.99,high,low,8,namesilo,,,24/09/2026 22:27
71fdbe79-89e7-4ddd-9322-4f34597445e5,clothe.srl,available,,,high,low,6,,,,19/09/2026 19:51
413cfbe3-0a5e-4256-9a66-2ca37b7b8562,township.srl,available,28.04,28.04,high,low,8,dynadot,,,30/09/2026 19:01
541d6793-dd8f-4c6b-9b86-709a36782510,phonetic.srl,available,,,high,low,8,,,,08/09/2026 19:04
d92d2364-1c81-4679-904e-b600c58d54a8,soursop.srl,available,31.99,31.99,high,low,7,namesilo,,,19/09/2026 10:36
fb15a657-0631-4c5f-ab96-ec9bdfec553a,goldberg.srl,available,31.99,31.99,high,low,8,namesilo,,,25/09/2026 06:35
ea0fb33d-d5bd-4f04-b874-52661739c999,taproom.srl,available,31.99,31.99,high,low,7,namesilo,,,22/09/2026 03:42
911e1b31-6189-4e82-b004-186679a9ede4,physic.srl,available,31.99,31.99,medium,low,6,namesilo,,,28/09/2026 07:44
96307f61-f32a-4fbc-89f8-e61107d7f1a3,jenner.srl,available,31.99,31.99,medium,low,6,namesilo,,,29/09/2026 00:45
bd8c92e4-7e5e-412e-9986-4c1132be3aa1,consort.srl,available,31.99,31.99,high,low,7,namesilo,,,16/09/2026 22:56
a84454ec-e60d-47e0-a9f1-cc5963fb6269,glare.srl,available,31.99,31.99,high,low,5,namesilo,,,24/09/2026 10:22
61cf4d82-92a4-4578-8cb2-0920da458c50,reentrant.srl,available,31.99,31.99,medium,low,10,namesilo,,,09/09/2026 10:51
003a70da-1c20-4ec0-a29b-dc506e13fc91,quincy.srl,available,31.99,31.99,high,low,6,namesilo,,,28/09/2026 10:11
9773e2b7-0417-424a-9fcb-96ae4fdc1d06,cpa.srl,available,31.99,31.99,high,low,3,namesilo,,,28/09/2026 05:25
ada80d65-1365-40cf-afe0-b723bcf3eff7,weary.srl,available,31.99,31.99,medium,low,5,namesilo,,,22/09/2026 15:10
0e31ecf7-0b71-4185-8342-446c0bc5c5b7,soundly.srl,available,31.99,31.99,medium,low,7,namesilo,,,16/09/2026 05:34
9960258b-471e-403d-8991-7cb14ebf85d4,digitizer.srl,available,31.99,31.99,high,low,9,namesilo,,,19/09/2026 01:49
24362b4e-12bf-4273-82d9-8c590382b743,abbots.srl,available,28.04,28.04,medium,low,6,dynadot,,,30/09/2026 14:11
eb1fd8f3-39a0-484b-ab9b-cfd03b2e99a8,keep.srl,available,31.99,31.99,high,low,4,namesilo,,,29/09/2026 04:03
054d85a7-c4d2-41de-8e0c-97c18779c052,transferred.srl,available,31.99,31.99,medium,low,11,namesilo,,,27/09/2026 22:38
f483a934-4e0d-40d0-b4d4-509e80ea4cad,invalidate.srl,available,31.99,31.99,high,low,10,namesilo,,,13/09/2026 06:37
fb86fe19-a22a-4780-9cd1-bad632dc0152,rarefy.srl,available,31.99,31.99,medium,low,6,namesilo,,,07/08/2026 15:31
a2bea6d7-c046-45b9-b995-7c509c8c0fc2,clusters.srl,available,28.04,28.04,medium,low,8,dynadot,,,30/09/2026 22:40
843ae808-453f-41c1-ba4b-9ebcf01c0820,aziz.srl,available,31.99,31.99,high,low,4,namesilo,,,28/09/2026 07:37
a96a7ade-9b93-4f87-88f8-159972a33eba,visiting.srl,available,31.99,31.99,high,low,8,namesilo,,,30/09/2026 14:33
8f5b2303-7734-407b-9a85-245ec1beff6a,zip.srl,available,31.99,31.99,high,low,3,namesilo,,,03/09/2026 22:43
200b6b9d-17fd-466a-a604-2804b664d9be,welch.srl,available,31.99,31.99,high,low,5,namesilo,,,13/09/2026 10:47
d3ce42ab-25bc-498b-bf54-0e6f4e15ea4d,cantala.srl,available,31.99,31.99,medium,low,7,namesilo,,,17/09/2026 16:42
0efa3f2d-2f24-4f09-a00f-fbf9776b7ade,cathedral.srl,available,31.99,31.99,high,low,9,namesilo,,,11/08/2026 21:50
525e86a4-b3dc-4120-9b03-b48315936dc8,containing.srl,available,28.04,28.04,high,low,10,dynadot,,,29/09/2026 03:15
0cc85489-1495-4319-9f9d-610c39ccda7d,avestan.srl,available,31.99,31.99,medium,low,7,namesilo,,,07/08/2026 23:07
8ffc3052-f41c-4e4e-a15f-f9881d365f4d,godown.srl,available,31.99,31.99,medium,low,7,namesilo,,,
44b3e111-cdca-4909-bfc7-ddfde9c5b27b,repel.srl,available,31.99,31.99,high,low,5,namesilo,,,29/09/2026 15:49
f28befa9-df2c-4985-b964-55729f485fbe,soak.srl,available,31.99,31.99,high,low,4,namesilo,,,16/09/2026 03:40